Command: just bridge-utf8-matched --costs
Production: admitted c-lambda leaf; corrected fixnum diagnostic driver.
Exit: 0
   Compiling gerbil-scheme-sys v0.1.0 (/private/tmp/orgize-native-recovery-20261009-f7ey6w/bridge/crates/gerbil-scheme-sys)
   Compiling gerbil-scheme-qualification v0.1.0 (/private/tmp/orgize-native-recovery-20261009-f7ey6w/bridge/crates/gerbil-scheme-qualification)
   Compiling gerbil-scheme v0.1.0 (/private/tmp/orgize-native-recovery-20261009-f7ey6w/bridge/crates/gerbil-scheme)
    Finished `bench` profile [optimized] target(s) in 1m 33s
     Running benches/utf8.rs (target/release/deps/utf8-461f469b848a9e47)
UTF8-BUFFER-CONTRACTS Unicode=1112064 surrogates=2048 mutation=OK bounds=OK roots=OK
UTF8-COST jobs=1000 phase=owned sample=1 wall_ms=24.973 cpu_ms=8.147 gc_cpu_ms=0.000 gc_wall_ms=0.000 scheme_bytes=888056 minor_faults=2 voluntary_switches=0 involuntary_switches=93 thread_cpu_ms=8.141 wall_minus_thread_cpu_ms=16.833
UTF8-COST jobs=1000 phase=length sample=1 wall_ms=0.231 cpu_ms=0.125 gc_cpu_ms=0.000 gc_wall_ms=0.000 scheme_bytes=56056 minor_faults=4 voluntary_switches=0 involuntary_switches=2 thread_cpu_ms=0.120 wall_minus_thread_cpu_ms=0.111
UTF8-COST jobs=1000 phase=allocation sample=1 wall_ms=0.030 cpu_ms=0.034 gc_cpu_ms=0.000 gc_wall_ms=0.000 scheme_bytes=56 minor_faults=1 voluntary_switches=0 involuntary_switches=0 thread_cpu_ms=0.030 wall_minus_thread_cpu_ms=-0.001
UTF8-COST jobs=1000 phase=encoding sample=1 wall_ms=7.294 cpu_ms=5.501 gc_cpu_ms=0.000 gc_wall_ms=0.000 scheme_bytes=832056 minor_faults=10 voluntary_switches=0 involuntary_switches=17 thread_cpu_ms=5.497 wall_minus_thread_cpu_ms=1.797
UTF8-COST jobs=1000 phase=validation sample=1 wall_ms=6.381 cpu_ms=0.988 gc_cpu_ms=0.000 gc_wall_ms=0.000 scheme_bytes=56 minor_faults=0 voluntary_switches=0 involuntary_switches=4 thread_cpu_ms=0.982 wall_minus_thread_cpu_ms=5.398
UTF8-COST jobs=1000 phase=entry sample=1 wall_ms=0.517 cpu_ms=0.397 gc_cpu_ms=0.279 gc_wall_ms=0.403 scheme_bytes=303976 minor_faults=3 voluntary_switches=0 involuntary_switches=1 thread_cpu_ms=0.396 wall_minus_thread_cpu_ms=0.121
UTF8-COST jobs=1000 phase=dispatch sample=1 wall_ms=1.307 cpu_ms=0.316 gc_cpu_ms=0.000 gc_wall_ms=0.000 scheme_bytes=832056 minor_faults=0 voluntary_switches=0 involuntary_switches=7 thread_cpu_ms=0.315 wall_minus_thread_cpu_ms=0.992
UTF8-COST jobs=1000 phase=length sample=2 wall_ms=0.461 cpu_ms=0.076 gc_cpu_ms=0.000 gc_wall_ms=0.000 scheme_bytes=56056 minor_faults=0 voluntary_switches=0 involuntary_switches=2 thread_cpu_ms=0.075 wall_minus_thread_cpu_ms=0.386
UTF8-COST jobs=1000 phase=allocation sample=2 wall_ms=0.027 cpu_ms=0.029 gc_cpu_ms=0.000 gc_wall_ms=0.000 scheme_bytes=56 minor_faults=0 voluntary_switches=0 involuntary_switches=0 thread_cpu_ms=0.028 wall_minus_thread_cpu_ms=-0.000
UTF8-COST jobs=1000 phase=encoding sample=2 wall_ms=10.300 cpu_ms=6.506 gc_cpu_ms=0.197 gc_wall_ms=0.196 scheme_bytes=584792 minor_faults=0 voluntary_switches=0 involuntary_switches=31 thread_cpu_ms=6.504 wall_minus_thread_cpu_ms=3.796
UTF8-COST jobs=1000 phase=validation sample=2 wall_ms=4.821 cpu_ms=0.987 gc_cpu_ms=0.000 gc_wall_ms=0.000 scheme_bytes=56 minor_faults=0 voluntary_switches=0 involuntary_switches=5 thread_cpu_ms=0.985 wall_minus_thread_cpu_ms=3.836
UTF8-COST jobs=1000 phase=entry sample=2 wall_ms=0.101 cpu_ms=0.102 gc_cpu_ms=0.000 gc_wall_ms=0.000 scheme_bytes=760056 minor_faults=0 voluntary_switches=0 involuntary_switches=0 thread_cpu_ms=0.102 wall_minus_thread_cpu_ms=-0.001
UTF8-COST jobs=1000 phase=dispatch sample=2 wall_ms=0.592 cpu_ms=0.478 gc_cpu_ms=0.177 gc_wall_ms=0.177 scheme_bytes=683640 minor_faults=0 voluntary_switches=0 involuntary_switches=1 thread_cpu_ms=0.476 wall_minus_thread_cpu_ms=0.116
UTF8-COST jobs=1000 phase=owned sample=2 wall_ms=20.715 cpu_ms=8.418 gc_cpu_ms=0.248 gc_wall_ms=0.949 scheme_bytes=640976 minor_faults=0 voluntary_switches=1 involuntary_switches=96 thread_cpu_ms=8.415 wall_minus_thread_cpu_ms=12.300
UTF8-COST jobs=1000 phase=allocation sample=3 wall_ms=0.073 cpu_ms=0.077 gc_cpu_ms=0.000 gc_wall_ms=0.000 scheme_bytes=56 minor_faults=0 voluntary_switches=0 involuntary_switches=0 thread_cpu_ms=0.074 wall_minus_thread_cpu_ms=-0.001
UTF8-COST jobs=1000 phase=encoding sample=3 wall_ms=14.279 cpu_ms=5.787 gc_cpu_ms=0.000 gc_wall_ms=0.000 scheme_bytes=832056 minor_faults=0 voluntary_switches=0 involuntary_switches=53 thread_cpu_ms=5.783 wall_minus_thread_cpu_ms=8.495
UTF8-COST jobs=1000 phase=validation sample=3 wall_ms=3.713 cpu_ms=1.200 gc_cpu_ms=0.000 gc_wall_ms=0.000 scheme_bytes=56 minor_faults=0 voluntary_switches=0 involuntary_switches=15 thread_cpu_ms=1.199 wall_minus_thread_cpu_ms=2.514
UTF8-COST jobs=1000 phase=entry sample=3 wall_ms=0.464 cpu_ms=0.330 gc_cpu_ms=0.218 gc_wall_ms=0.355 scheme_bytes=562184 minor_faults=0 voluntary_switches=0 involuntary_switches=2 thread_cpu_ms=0.328 wall_minus_thread_cpu_ms=0.135
UTF8-COST jobs=1000 phase=dispatch sample=3 wall_ms=0.284 cpu_ms=0.286 gc_cpu_ms=0.000 gc_wall_ms=0.000 scheme_bytes=832056 minor_faults=0 voluntary_switches=0 involuntary_switches=0 thread_cpu_ms=0.285 wall_minus_thread_cpu_ms=-0.001
UTF8-COST jobs=1000 phase=owned sample=3 wall_ms=70.570 cpu_ms=7.404 gc_cpu_ms=0.392 gc_wall_ms=7.265 scheme_bytes=706680 minor_faults=0 voluntary_switches=0 involuntary_switches=31 thread_cpu_ms=7.399 wall_minus_thread_cpu_ms=63.171
UTF8-COST jobs=1000 phase=length sample=3 wall_ms=0.067 cpu_ms=0.069 gc_cpu_ms=0.000 gc_wall_ms=0.000 scheme_bytes=56056 minor_faults=0 voluntary_switches=0 involuntary_switches=0 thread_cpu_ms=0.067 wall_minus_thread_cpu_ms=-0.000
UTF8-COST jobs=1000 phase=encoding sample=4 wall_ms=70.481 cpu_ms=5.935 gc_cpu_ms=0.356 gc_wall_ms=17.468 scheme_bytes=527512 minor_faults=0 voluntary_switches=0 involuntary_switches=22 thread_cpu_ms=5.932 wall_minus_thread_cpu_ms=64.548
UTF8-COST jobs=1000 phase=validation sample=4 wall_ms=16.172 cpu_ms=1.102 gc_cpu_ms=0.000 gc_wall_ms=0.000 scheme_bytes=56 minor_faults=0 voluntary_switches=0 involuntary_switches=9 thread_cpu_ms=1.089 wall_minus_thread_cpu_ms=15.082
UTF8-COST jobs=1000 phase=entry sample=4 wall_ms=0.107 cpu_ms=0.112 gc_cpu_ms=0.000 gc_wall_ms=0.000 scheme_bytes=760056 minor_faults=0 voluntary_switches=0 involuntary_switches=0 thread_cpu_ms=0.107 wall_minus_thread_cpu_ms=-0.001
UTF8-COST jobs=1000 phase=dispatch sample=4 wall_ms=0.474 cpu_ms=0.476 gc_cpu_ms=0.181 gc_wall_ms=0.182 scheme_bytes=675448 minor_faults=0 voluntary_switches=0 involuntary_switches=0 thread_cpu_ms=0.475 wall_minus_thread_cpu_ms=-0.001
UTF8-COST jobs=1000 phase=owned sample=4 wall_ms=224.632 cpu_ms=7.889 gc_cpu_ms=0.000 gc_wall_ms=0.000 scheme_bytes=888056 minor_faults=0 voluntary_switches=0 involuntary_switches=68 thread_cpu_ms=7.886 wall_minus_thread_cpu_ms=216.746
UTF8-COST jobs=1000 phase=length sample=4 wall_ms=0.139 cpu_ms=0.149 gc_cpu_ms=0.000 gc_wall_ms=0.000 scheme_bytes=56056 minor_faults=0 voluntary_switches=0 involuntary_switches=1 thread_cpu_ms=0.141 wall_minus_thread_cpu_ms=-0.002
UTF8-COST jobs=1000 phase=allocation sample=4 wall_ms=0.072 cpu_ms=0.076 gc_cpu_ms=0.000 gc_wall_ms=0.000 scheme_bytes=56 minor_faults=0 voluntary_switches=0 involuntary_switches=0 thread_cpu_ms=0.073 wall_minus_thread_cpu_ms=-0.001
UTF8-COST jobs=1000 phase=validation sample=5 wall_ms=1.141 cpu_ms=1.047 gc_cpu_ms=0.000 gc_wall_ms=0.000 scheme_bytes=56 minor_faults=0 voluntary_switches=0 involuntary_switches=3 thread_cpu_ms=1.042 wall_minus_thread_cpu_ms=0.099
UTF8-COST jobs=1000 phase=entry sample=5 wall_ms=0.357 cpu_ms=0.359 gc_cpu_ms=0.249 gc_wall_ms=0.250 scheme_bytes=447368 minor_faults=0 voluntary_switches=0 involuntary_switches=0 thread_cpu_ms=0.358 wall_minus_thread_cpu_ms=-0.001
UTF8-COST jobs=1000 phase=dispatch sample=5 wall_ms=0.462 cpu_ms=0.444 gc_cpu_ms=0.155 gc_wall_ms=0.175 scheme_bytes=675448 minor_faults=0 voluntary_switches=0 involuntary_switches=2 thread_cpu_ms=0.442 wall_minus_thread_cpu_ms=0.019
UTF8-COST jobs=1000 phase=owned sample=5 wall_ms=11.931 cpu_ms=9.547 gc_cpu_ms=0.000 gc_wall_ms=0.000 scheme_bytes=888056 minor_faults=0 voluntary_switches=0 involuntary_switches=31 thread_cpu_ms=9.546 wall_minus_thread_cpu_ms=2.385
UTF8-COST jobs=1000 phase=length sample=5 wall_ms=0.067 cpu_ms=0.069 gc_cpu_ms=0.000 gc_wall_ms=0.000 scheme_bytes=56056 minor_faults=0 voluntary_switches=0 involuntary_switches=0 thread_cpu_ms=0.067 wall_minus_thread_cpu_ms=-0.000
UTF8-COST jobs=1000 phase=allocation sample=5 wall_ms=0.028 cpu_ms=0.029 gc_cpu_ms=0.000 gc_wall_ms=0.000 scheme_bytes=56 minor_faults=0 voluntary_switches=0 involuntary_switches=0 thread_cpu_ms=0.028 wall_minus_thread_cpu_ms=-0.000
UTF8-COST jobs=1000 phase=encoding sample=5 wall_ms=11.610 cpu_ms=8.143 gc_cpu_ms=0.498 gc_wall_ms=0.496 scheme_bytes=519384 minor_faults=0 voluntary_switches=1 involuntary_switches=28 thread_cpu_ms=8.139 wall_minus_thread_cpu_ms=3.471
UTF8-COST jobs=1000 phase=entry sample=6 wall_ms=2.836 cpu_ms=0.260 gc_cpu_ms=0.000 gc_wall_ms=0.000 scheme_bytes=760056 minor_faults=0 voluntary_switches=0 involuntary_switches=2 thread_cpu_ms=0.257 wall_minus_thread_cpu_ms=2.579
UTF8-COST jobs=1000 phase=dispatch sample=6 wall_ms=1.302 cpu_ms=0.485 gc_cpu_ms=0.189 gc_wall_ms=1.010 scheme_bytes=683664 minor_faults=0 voluntary_switches=0 involuntary_switches=2 thread_cpu_ms=0.484 wall_minus_thread_cpu_ms=0.818
UTF8-COST jobs=1000 phase=owned sample=6 wall_ms=11.788 cpu_ms=6.700 gc_cpu_ms=0.184 gc_wall_ms=0.183 scheme_bytes=632824 minor_faults=0 voluntary_switches=0 involuntary_switches=45 thread_cpu_ms=6.698 wall_minus_thread_cpu_ms=5.090
UTF8-COST jobs=1000 phase=length sample=6 wall_ms=0.066 cpu_ms=0.068 gc_cpu_ms=0.000 gc_wall_ms=0.000 scheme_bytes=56056 minor_faults=0 voluntary_switches=0 involuntary_switches=0 thread_cpu_ms=0.066 wall_minus_thread_cpu_ms=-0.000
UTF8-COST jobs=1000 phase=allocation sample=6 wall_ms=0.029 cpu_ms=0.029 gc_cpu_ms=0.000 gc_wall_ms=0.000 scheme_bytes=56 minor_faults=0 voluntary_switches=0 involuntary_switches=0 thread_cpu_ms=0.029 wall_minus_thread_cpu_ms=-0.001
UTF8-COST jobs=1000 phase=encoding sample=6 wall_ms=10.299 cpu_ms=5.853 gc_cpu_ms=0.000 gc_wall_ms=0.000 scheme_bytes=832056 minor_faults=0 voluntary_switches=0 involuntary_switches=16 thread_cpu_ms=5.851 wall_minus_thread_cpu_ms=4.448
UTF8-COST jobs=1000 phase=validation sample=6 wall_ms=16.348 cpu_ms=1.055 gc_cpu_ms=0.000 gc_wall_ms=0.000 scheme_bytes=56 minor_faults=0 voluntary_switches=0 involuntary_switches=15 thread_cpu_ms=1.048 wall_minus_thread_cpu_ms=15.300
UTF8-COST jobs=1000 phase=dispatch sample=7 wall_ms=1.217 cpu_ms=0.609 gc_cpu_ms=0.234 gc_wall_ms=0.526 scheme_bytes=559872 minor_faults=0 voluntary_switches=0 involuntary_switches=13 thread_cpu_ms=0.608 wall_minus_thread_cpu_ms=0.609
UTF8-COST jobs=1000 phase=owned sample=7 wall_ms=15.782 cpu_ms=6.822 gc_cpu_ms=0.000 gc_wall_ms=0.000 scheme_bytes=888056 minor_faults=0 voluntary_switches=0 involuntary_switches=104 thread_cpu_ms=6.820 wall_minus_thread_cpu_ms=8.962
UTF8-COST jobs=1000 phase=length sample=7 wall_ms=0.066 cpu_ms=0.068 gc_cpu_ms=0.000 gc_wall_ms=0.000 scheme_bytes=56056 minor_faults=0 voluntary_switches=0 involuntary_switches=0 thread_cpu_ms=0.067 wall_minus_thread_cpu_ms=-0.001
UTF8-COST jobs=1000 phase=allocation sample=7 wall_ms=0.028 cpu_ms=0.030 gc_cpu_ms=0.000 gc_wall_ms=0.000 scheme_bytes=56 minor_faults=0 voluntary_switches=0 involuntary_switches=0 thread_cpu_ms=0.028 wall_minus_thread_cpu_ms=-0.000
UTF8-COST jobs=1000 phase=encoding sample=7 wall_ms=354.772 cpu_ms=6.820 gc_cpu_ms=0.314 gc_wall_ms=0.539 scheme_bytes=511064 minor_faults=0 voluntary_switches=0 involuntary_switches=30 thread_cpu_ms=6.818 wall_minus_thread_cpu_ms=347.955
UTF8-COST jobs=1000 phase=validation sample=7 wall_ms=3.137 cpu_ms=1.015 gc_cpu_ms=0.000 gc_wall_ms=0.000 scheme_bytes=56 minor_faults=0 voluntary_switches=0 involuntary_switches=2 thread_cpu_ms=1.013 wall_minus_thread_cpu_ms=2.124
UTF8-COST jobs=1000 phase=entry sample=7 wall_ms=0.293 cpu_ms=0.295 gc_cpu_ms=0.186 gc_wall_ms=0.187 scheme_bytes=603272 minor_faults=0 voluntary_switches=0 involuntary_switches=0 thread_cpu_ms=0.294 wall_minus_thread_cpu_ms=-0.001
UTF8-COST jobs=1000 phase=owned sample=8 wall_ms=24.680 cpu_ms=7.019 gc_cpu_ms=0.000 gc_wall_ms=0.000 scheme_bytes=888056 minor_faults=0 voluntary_switches=0 involuntary_switches=31 thread_cpu_ms=7.016 wall_minus_thread_cpu_ms=17.665
UTF8-COST jobs=1000 phase=length sample=8 wall_ms=0.066 cpu_ms=0.068 gc_cpu_ms=0.000 gc_wall_ms=0.000 scheme_bytes=56056 minor_faults=0 voluntary_switches=0 involuntary_switches=0 thread_cpu_ms=0.067 wall_minus_thread_cpu_ms=-0.001
UTF8-COST jobs=1000 phase=allocation sample=8 wall_ms=0.028 cpu_ms=0.029 gc_cpu_ms=0.000 gc_wall_ms=0.000 scheme_bytes=56 minor_faults=0 voluntary_switches=0 involuntary_switches=0 thread_cpu_ms=0.028 wall_minus_thread_cpu_ms=-0.000
UTF8-COST jobs=1000 phase=encoding sample=8 wall_ms=34.143 cpu_ms=6.651 gc_cpu_ms=0.217 gc_wall_ms=0.217 scheme_bytes=527672 minor_faults=0 voluntary_switches=0 involuntary_switches=17 thread_cpu_ms=6.648 wall_minus_thread_cpu_ms=27.495
UTF8-COST jobs=1000 phase=validation sample=8 wall_ms=135.794 cpu_ms=2.480 gc_cpu_ms=0.000 gc_wall_ms=0.000 scheme_bytes=56 minor_faults=0 voluntary_switches=0 involuntary_switches=16 thread_cpu_ms=2.473 wall_minus_thread_cpu_ms=133.321
UTF8-COST jobs=1000 phase=entry sample=8 wall_ms=0.108 cpu_ms=0.113 gc_cpu_ms=0.000 gc_wall_ms=0.000 scheme_bytes=760056 minor_faults=0 voluntary_switches=0 involuntary_switches=0 thread_cpu_ms=0.109 wall_minus_thread_cpu_ms=-0.001
UTF8-COST jobs=1000 phase=dispatch sample=8 wall_ms=0.471 cpu_ms=0.474 gc_cpu_ms=0.182 gc_wall_ms=0.182 scheme_bytes=683696 minor_faults=0 voluntary_switches=0 involuntary_switches=0 thread_cpu_ms=0.472 wall_minus_thread_cpu_ms=-0.001
UTF8-COST jobs=1000 phase=length sample=9 wall_ms=0.067 cpu_ms=0.069 gc_cpu_ms=0.000 gc_wall_ms=0.000 scheme_bytes=56056 minor_faults=0 voluntary_switches=0 involuntary_switches=0 thread_cpu_ms=0.067 wall_minus_thread_cpu_ms=-0.001
UTF8-COST jobs=1000 phase=allocation sample=9 wall_ms=0.028 cpu_ms=0.030 gc_cpu_ms=0.000 gc_wall_ms=0.000 scheme_bytes=56 minor_faults=0 voluntary_switches=0 involuntary_switches=0 thread_cpu_ms=0.028 wall_minus_thread_cpu_ms=-0.001
UTF8-COST jobs=1000 phase=encoding sample=9 wall_ms=5.856 cpu_ms=5.271 gc_cpu_ms=0.186 gc_wall_ms=0.185 scheme_bytes=568112 minor_faults=0 voluntary_switches=0 involuntary_switches=1 thread_cpu_ms=5.270 wall_minus_thread_cpu_ms=0.586
UTF8-COST jobs=1000 phase=validation sample=9 wall_ms=59.666 cpu_ms=1.186 gc_cpu_ms=0.000 gc_wall_ms=0.000 scheme_bytes=56 minor_faults=0 voluntary_switches=0 involuntary_switches=6 thread_cpu_ms=1.180 wall_minus_thread_cpu_ms=58.487
UTF8-COST jobs=1000 phase=entry sample=9 wall_ms=10.764 cpu_ms=0.281 gc_cpu_ms=0.000 gc_wall_ms=0.000 scheme_bytes=760056 minor_faults=0 voluntary_switches=0 involuntary_switches=5 thread_cpu_ms=0.275 wall_minus_thread_cpu_ms=10.489
UTF8-COST jobs=1000 phase=dispatch sample=9 wall_ms=0.530 cpu_ms=0.532 gc_cpu_ms=0.238 gc_wall_ms=0.238 scheme_bytes=675376 minor_faults=0 voluntary_switches=0 involuntary_switches=0 thread_cpu_ms=0.531 wall_minus_thread_cpu_ms=-0.001
UTF8-COST jobs=1000 phase=owned sample=9 wall_ms=8.058 cpu_ms=6.755 gc_cpu_ms=0.000 gc_wall_ms=0.000 scheme_bytes=888056 minor_faults=0 voluntary_switches=0 involuntary_switches=26 thread_cpu_ms=6.753 wall_minus_thread_cpu_ms=1.305
UTF8-COST jobs=1000 phase=allocation sample=10 wall_ms=0.412 cpu_ms=0.047 gc_cpu_ms=0.000 gc_wall_ms=0.000 scheme_bytes=56 minor_faults=0 voluntary_switches=0 involuntary_switches=2 thread_cpu_ms=0.043 wall_minus_thread_cpu_ms=0.369
UTF8-COST jobs=1000 phase=encoding sample=10 wall_ms=16.879 cpu_ms=6.518 gc_cpu_ms=0.201 gc_wall_ms=0.200 scheme_bytes=568752 minor_faults=0 voluntary_switches=0 involuntary_switches=118 thread_cpu_ms=6.516 wall_minus_thread_cpu_ms=10.363
UTF8-COST jobs=1000 phase=validation sample=10 wall_ms=71.800 cpu_ms=1.041 gc_cpu_ms=0.000 gc_wall_ms=0.000 scheme_bytes=56 minor_faults=0 voluntary_switches=0 involuntary_switches=7 thread_cpu_ms=1.033 wall_minus_thread_cpu_ms=70.767
UTF8-COST jobs=1000 phase=entry sample=10 wall_ms=0.336 cpu_ms=0.337 gc_cpu_ms=0.221 gc_wall_ms=0.220 scheme_bytes=603272 minor_faults=0 voluntary_switches=0 involuntary_switches=0 thread_cpu_ms=0.337 wall_minus_thread_cpu_ms=-0.001
UTF8-COST jobs=1000 phase=dispatch sample=10 wall_ms=56.167 cpu_ms=0.384 gc_cpu_ms=0.000 gc_wall_ms=0.000 scheme_bytes=832056 minor_faults=0 voluntary_switches=0 involuntary_switches=12 thread_cpu_ms=0.382 wall_minus_thread_cpu_ms=55.786
UTF8-COST jobs=1000 phase=owned sample=10 wall_ms=77.035 cpu_ms=6.213 gc_cpu_ms=0.195 gc_wall_ms=0.194 scheme_bytes=649248 minor_faults=0 voluntary_switches=1 involuntary_switches=5 thread_cpu_ms=6.211 wall_minus_thread_cpu_ms=70.824
UTF8-COST jobs=1000 phase=length sample=10 wall_ms=0.067 cpu_ms=0.068 gc_cpu_ms=0.000 gc_wall_ms=0.000 scheme_bytes=56056 minor_faults=0 voluntary_switches=0 involuntary_switches=0 thread_cpu_ms=0.067 wall_minus_thread_cpu_ms=-0.001
UTF8-COST jobs=1000 phase=encoding sample=11 wall_ms=49.082 cpu_ms=5.488 gc_cpu_ms=0.000 gc_wall_ms=0.000 scheme_bytes=832056 minor_faults=0 voluntary_switches=0 involuntary_switches=31 thread_cpu_ms=5.484 wall_minus_thread_cpu_ms=43.598
UTF8-COST jobs=1000 phase=validation sample=11 wall_ms=1.170 cpu_ms=1.062 gc_cpu_ms=0.000 gc_wall_ms=0.000 scheme_bytes=56 minor_faults=0 voluntary_switches=0 involuntary_switches=4 thread_cpu_ms=1.056 wall_minus_thread_cpu_ms=0.114
UTF8-COST jobs=1000 phase=entry sample=11 wall_ms=1.477 cpu_ms=0.663 gc_cpu_ms=0.543 gc_wall_ms=1.363 scheme_bytes=496344 minor_faults=0 voluntary_switches=0 involuntary_switches=3 thread_cpu_ms=0.661 wall_minus_thread_cpu_ms=0.817
UTF8-COST jobs=1000 phase=dispatch sample=11 wall_ms=0.489 cpu_ms=0.490 gc_cpu_ms=0.199 gc_wall_ms=0.198 scheme_bytes=667184 minor_faults=0 voluntary_switches=0 involuntary_switches=0 thread_cpu_ms=0.489 wall_minus_thread_cpu_ms=-0.000
UTF8-COST jobs=1000 phase=owned sample=11 wall_ms=37.395 cpu_ms=7.171 gc_cpu_ms=0.000 gc_wall_ms=0.000 scheme_bytes=888056 minor_faults=0 voluntary_switches=0 involuntary_switches=122 thread_cpu_ms=7.140 wall_minus_thread_cpu_ms=30.255
UTF8-COST jobs=1000 phase=length sample=11 wall_ms=0.148 cpu_ms=0.119 gc_cpu_ms=0.000 gc_wall_ms=0.000 scheme_bytes=56056 minor_faults=0 voluntary_switches=0 involuntary_switches=1 thread_cpu_ms=0.116 wall_minus_thread_cpu_ms=0.033
UTF8-COST jobs=1000 phase=allocation sample=11 wall_ms=0.028 cpu_ms=0.030 gc_cpu_ms=0.000 gc_wall_ms=0.000 scheme_bytes=56 minor_faults=0 voluntary_switches=0 involuntary_switches=0 thread_cpu_ms=0.029 wall_minus_thread_cpu_ms=-0.001
UTF8-COST jobs=1000 phase=validation sample=12 wall_ms=1.104 cpu_ms=0.986 gc_cpu_ms=0.000 gc_wall_ms=0.000 scheme_bytes=56 minor_faults=0 voluntary_switches=0 involuntary_switches=3 thread_cpu_ms=0.983 wall_minus_thread_cpu_ms=0.121
UTF8-COST jobs=1000 phase=entry sample=12 wall_ms=0.578 cpu_ms=0.351 gc_cpu_ms=0.236 gc_wall_ms=0.466 scheme_bytes=488616 minor_faults=0 voluntary_switches=0 involuntary_switches=1 thread_cpu_ms=0.349 wall_minus_thread_cpu_ms=0.229
UTF8-COST jobs=1000 phase=dispatch sample=12 wall_ms=4.335 cpu_ms=0.325 gc_cpu_ms=0.000 gc_wall_ms=0.000 scheme_bytes=832056 minor_faults=0 voluntary_switches=0 involuntary_switches=4 thread_cpu_ms=0.324 wall_minus_thread_cpu_ms=4.012
UTF8-COST jobs=1000 phase=owned sample=12 wall_ms=20.244 cpu_ms=7.197 gc_cpu_ms=0.200 gc_wall_ms=0.199 scheme_bytes=682088 minor_faults=0 voluntary_switches=0 involuntary_switches=74 thread_cpu_ms=7.192 wall_minus_thread_cpu_ms=13.052
UTF8-COST jobs=1000 phase=length sample=12 wall_ms=0.070 cpu_ms=0.071 gc_cpu_ms=0.000 gc_wall_ms=0.000 scheme_bytes=56056 minor_faults=0 voluntary_switches=0 involuntary_switches=0 thread_cpu_ms=0.070 wall_minus_thread_cpu_ms=-0.000
UTF8-COST jobs=1000 phase=allocation sample=12 wall_ms=0.028 cpu_ms=0.030 gc_cpu_ms=0.000 gc_wall_ms=0.000 scheme_bytes=56 minor_faults=0 voluntary_switches=0 involuntary_switches=0 thread_cpu_ms=0.029 wall_minus_thread_cpu_ms=-0.000
UTF8-COST jobs=1000 phase=encoding sample=12 wall_ms=14.128 cpu_ms=7.672 gc_cpu_ms=0.473 gc_wall_ms=0.472 scheme_bytes=535552 minor_faults=0 voluntary_switches=0 involuntary_switches=32 thread_cpu_ms=7.668 wall_minus_thread_cpu_ms=6.459
UTF8-COST jobs=1000 phase=entry sample=13 wall_ms=1.626 cpu_ms=0.184 gc_cpu_ms=0.000 gc_wall_ms=0.000 scheme_bytes=760056 minor_faults=0 voluntary_switches=0 involuntary_switches=4 thread_cpu_ms=0.179 wall_minus_thread_cpu_ms=1.447
UTF8-COST jobs=1000 phase=dispatch sample=13 wall_ms=1.500 cpu_ms=0.484 gc_cpu_ms=0.185 gc_wall_ms=0.184 scheme_bytes=675400 minor_faults=0 voluntary_switches=0 involuntary_switches=1 thread_cpu_ms=0.482 wall_minus_thread_cpu_ms=1.018
UTF8-COST jobs=1000 phase=owned sample=13 wall_ms=17.879 cpu_ms=7.587 gc_cpu_ms=0.000 gc_wall_ms=0.000 scheme_bytes=888056 minor_faults=0 voluntary_switches=0 involuntary_switches=24 thread_cpu_ms=7.585 wall_minus_thread_cpu_ms=10.294
UTF8-COST jobs=1000 phase=length sample=13 wall_ms=0.067 cpu_ms=0.069 gc_cpu_ms=0.000 gc_wall_ms=0.000 scheme_bytes=56056 minor_faults=0 voluntary_switches=0 involuntary_switches=0 thread_cpu_ms=0.067 wall_minus_thread_cpu_ms=-0.000
UTF8-COST jobs=1000 phase=allocation sample=13 wall_ms=0.028 cpu_ms=0.029 gc_cpu_ms=0.000 gc_wall_ms=0.000 scheme_bytes=56 minor_faults=0 voluntary_switches=0 involuntary_switches=0 thread_cpu_ms=0.028 wall_minus_thread_cpu_ms=-0.000
UTF8-COST jobs=1000 phase=encoding sample=13 wall_ms=11.202 cpu_ms=5.699 gc_cpu_ms=0.232 gc_wall_ms=0.232 scheme_bytes=519384 minor_faults=0 voluntary_switches=0 involuntary_switches=17 thread_cpu_ms=5.697 wall_minus_thread_cpu_ms=5.506
UTF8-COST jobs=1000 phase=validation sample=13 wall_ms=0.961 cpu_ms=0.963 gc_cpu_ms=0.000 gc_wall_ms=0.000 scheme_bytes=56 minor_faults=0 voluntary_switches=0 involuntary_switches=0 thread_cpu_ms=0.961 wall_minus_thread_cpu_ms=-0.001
UTF8-COST jobs=1000 phase=dispatch sample=14 wall_ms=0.487 cpu_ms=0.489 gc_cpu_ms=0.192 gc_wall_ms=0.192 scheme_bytes=617424 minor_faults=0 voluntary_switches=0 involuntary_switches=0 thread_cpu_ms=0.488 wall_minus_thread_cpu_ms=-0.001
UTF8-COST jobs=1000 phase=owned sample=14 wall_ms=15.644 cpu_ms=8.136 gc_cpu_ms=0.000 gc_wall_ms=0.000 scheme_bytes=888056 minor_faults=0 voluntary_switches=1 involuntary_switches=36 thread_cpu_ms=8.134 wall_minus_thread_cpu_ms=7.511
UTF8-COST jobs=1000 phase=length sample=14 wall_ms=0.067 cpu_ms=0.068 gc_cpu_ms=0.000 gc_wall_ms=0.000 scheme_bytes=56056 minor_faults=0 voluntary_switches=0 involuntary_switches=0 thread_cpu_ms=0.068 wall_minus_thread_cpu_ms=-0.001
UTF8-COST jobs=1000 phase=allocation sample=14 wall_ms=0.029 cpu_ms=0.030 gc_cpu_ms=0.000 gc_wall_ms=0.000 scheme_bytes=56 minor_faults=0 voluntary_switches=0 involuntary_switches=0 thread_cpu_ms=0.029 wall_minus_thread_cpu_ms=-0.001
UTF8-COST jobs=1000 phase=encoding sample=14 wall_ms=11.011 cpu_ms=5.958 gc_cpu_ms=0.549 gc_wall_ms=0.598 scheme_bytes=519384 minor_faults=0 voluntary_switches=0 involuntary_switches=16 thread_cpu_ms=5.956 wall_minus_thread_cpu_ms=5.055
UTF8-COST jobs=1000 phase=validation sample=14 wall_ms=0.961 cpu_ms=0.963 gc_cpu_ms=0.000 gc_wall_ms=0.000 scheme_bytes=56 minor_faults=0 voluntary_switches=0 involuntary_switches=0 thread_cpu_ms=0.961 wall_minus_thread_cpu_ms=-0.001
UTF8-COST jobs=1000 phase=entry sample=14 wall_ms=0.101 cpu_ms=0.103 gc_cpu_ms=0.000 gc_wall_ms=0.000 scheme_bytes=760056 minor_faults=0 voluntary_switches=0 involuntary_switches=0 thread_cpu_ms=0.102 wall_minus_thread_cpu_ms=-0.001
UTF8-COST jobs=1000 phase=owned sample=15 wall_ms=8.893 cpu_ms=6.668 gc_cpu_ms=0.206 gc_wall_ms=0.205 scheme_bytes=723256 minor_faults=0 voluntary_switches=0 involuntary_switches=16 thread_cpu_ms=6.664 wall_minus_thread_cpu_ms=2.229
UTF8-COST jobs=1000 phase=length sample=15 wall_ms=0.141 cpu_ms=0.146 gc_cpu_ms=0.000 gc_wall_ms=0.000 scheme_bytes=56056 minor_faults=0 voluntary_switches=0 involuntary_switches=0 thread_cpu_ms=0.143 wall_minus_thread_cpu_ms=-0.002
UTF8-COST jobs=1000 phase=allocation sample=15 wall_ms=0.073 cpu_ms=0.078 gc_cpu_ms=0.000 gc_wall_ms=0.000 scheme_bytes=56 minor_faults=0 voluntary_switches=0 involuntary_switches=0 thread_cpu_ms=0.075 wall_minus_thread_cpu_ms=-0.001
UTF8-COST jobs=1000 phase=encoding sample=15 wall_ms=8.330 cpu_ms=6.437 gc_cpu_ms=0.222 gc_wall_ms=0.222 scheme_bytes=527392 minor_faults=0 voluntary_switches=0 involuntary_switches=28 thread_cpu_ms=6.434 wall_minus_thread_cpu_ms=1.896
UTF8-COST jobs=1000 phase=validation sample=15 wall_ms=0.962 cpu_ms=0.964 gc_cpu_ms=0.000 gc_wall_ms=0.000 scheme_bytes=56 minor_faults=0 voluntary_switches=0 involuntary_switches=0 thread_cpu_ms=0.962 wall_minus_thread_cpu_ms=-0.001
UTF8-COST jobs=1000 phase=entry sample=15 wall_ms=0.099 cpu_ms=0.101 gc_cpu_ms=0.000 gc_wall_ms=0.000 scheme_bytes=760056 minor_faults=0 voluntary_switches=0 involuntary_switches=0 thread_cpu_ms=0.099 wall_minus_thread_cpu_ms=-0.001
UTF8-COST jobs=1000 phase=dispatch sample=15 wall_ms=0.439 cpu_ms=0.442 gc_cpu_ms=0.153 gc_wall_ms=0.154 scheme_bytes=675376 minor_faults=0 voluntary_switches=0 involuntary_switches=0 thread_cpu_ms=0.440 wall_minus_thread_cpu_ms=-0.001
UTF8-COST jobs=1000 phase=length sample=16 wall_ms=0.066 cpu_ms=0.068 gc_cpu_ms=0.000 gc_wall_ms=0.000 scheme_bytes=56056 minor_faults=0 voluntary_switches=0 involuntary_switches=0 thread_cpu_ms=0.066 wall_minus_thread_cpu_ms=-0.000
UTF8-COST jobs=1000 phase=allocation sample=16 wall_ms=0.028 cpu_ms=0.029 gc_cpu_ms=0.000 gc_wall_ms=0.000 scheme_bytes=56 minor_faults=0 voluntary_switches=0 involuntary_switches=0 thread_cpu_ms=0.028 wall_minus_thread_cpu_ms=-0.001
UTF8-COST jobs=1000 phase=encoding sample=16 wall_ms=8.494 cpu_ms=5.347 gc_cpu_ms=0.000 gc_wall_ms=0.000 scheme_bytes=832056 minor_faults=0 voluntary_switches=0 involuntary_switches=25 thread_cpu_ms=5.346 wall_minus_thread_cpu_ms=3.148
UTF8-COST jobs=1000 phase=validation sample=16 wall_ms=0.962 cpu_ms=0.965 gc_cpu_ms=0.000 gc_wall_ms=0.000 scheme_bytes=56 minor_faults=0 voluntary_switches=0 involuntary_switches=0 thread_cpu_ms=0.963 wall_minus_thread_cpu_ms=-0.001
UTF8-COST jobs=1000 phase=entry sample=16 wall_ms=0.303 cpu_ms=0.305 gc_cpu_ms=0.200 gc_wall_ms=0.200 scheme_bytes=504368 minor_faults=0 voluntary_switches=0 involuntary_switches=0 thread_cpu_ms=0.304 wall_minus_thread_cpu_ms=-0.001
UTF8-COST jobs=1000 phase=dispatch sample=16 wall_ms=0.479 cpu_ms=0.427 gc_cpu_ms=0.136 gc_wall_ms=0.192 scheme_bytes=667120 minor_faults=0 voluntary_switches=0 involuntary_switches=1 thread_cpu_ms=0.425 wall_minus_thread_cpu_ms=0.054
UTF8-COST jobs=1000 phase=owned sample=16 wall_ms=10.900 cpu_ms=6.576 gc_cpu_ms=0.000 gc_wall_ms=0.000 scheme_bytes=888056 minor_faults=0 voluntary_switches=0 involuntary_switches=19 thread_cpu_ms=6.572 wall_minus_thread_cpu_ms=4.327
UTF8-COST jobs=1000 phase=allocation sample=17 wall_ms=0.028 cpu_ms=0.030 gc_cpu_ms=0.000 gc_wall_ms=0.000 scheme_bytes=56 minor_faults=0 voluntary_switches=0 involuntary_switches=0 thread_cpu_ms=0.029 wall_minus_thread_cpu_ms=-0.000
UTF8-COST jobs=1000 phase=encoding sample=17 wall_ms=11.181 cpu_ms=6.720 gc_cpu_ms=0.213 gc_wall_ms=0.211 scheme_bytes=568696 minor_faults=0 voluntary_switches=0 involuntary_switches=14 thread_cpu_ms=6.717 wall_minus_thread_cpu_ms=4.464
UTF8-COST jobs=1000 phase=validation sample=17 wall_ms=3.242 cpu_ms=1.506 gc_cpu_ms=0.000 gc_wall_ms=0.000 scheme_bytes=56 minor_faults=0 voluntary_switches=0 involuntary_switches=5 thread_cpu_ms=1.501 wall_minus_thread_cpu_ms=1.741
UTF8-COST jobs=1000 phase=entry sample=17 wall_ms=2.296 cpu_ms=0.120 gc_cpu_ms=0.000 gc_wall_ms=0.000 scheme_bytes=760056 minor_faults=0 voluntary_switches=0 involuntary_switches=2 thread_cpu_ms=0.119 wall_minus_thread_cpu_ms=2.177
UTF8-COST jobs=1000 phase=dispatch sample=17 wall_ms=0.533 cpu_ms=0.495 gc_cpu_ms=0.191 gc_wall_ms=0.215 scheme_bytes=683768 minor_faults=0 voluntary_switches=0 involuntary_switches=2 thread_cpu_ms=0.493 wall_minus_thread_cpu_ms=0.040
UTF8-COST jobs=1000 phase=owned sample=17 wall_ms=11.637 cpu_ms=6.651 gc_cpu_ms=0.224 gc_wall_ms=0.223 scheme_bytes=624688 minor_faults=0 voluntary_switches=0 involuntary_switches=34 thread_cpu_ms=6.650 wall_minus_thread_cpu_ms=4.987
UTF8-COST jobs=1000 phase=length sample=17 wall_ms=0.066 cpu_ms=0.068 gc_cpu_ms=0.000 gc_wall_ms=0.000 scheme_bytes=56056 minor_faults=0 voluntary_switches=0 involuntary_switches=0 thread_cpu_ms=0.066 wall_minus_thread_cpu_ms=-0.001
UTF8-COST jobs=1000 phase=encoding sample=18 wall_ms=9.866 cpu_ms=6.244 gc_cpu_ms=0.000 gc_wall_ms=0.000 scheme_bytes=832056 minor_faults=0 voluntary_switches=1 involuntary_switches=33 thread_cpu_ms=6.241 wall_minus_thread_cpu_ms=3.625
UTF8-COST jobs=1000 phase=validation sample=18 wall_ms=4.416 cpu_ms=1.504 gc_cpu_ms=0.000 gc_wall_ms=0.000 scheme_bytes=56 minor_faults=0 voluntary_switches=1 involuntary_switches=20 thread_cpu_ms=1.497 wall_minus_thread_cpu_ms=2.919
UTF8-COST jobs=1000 phase=entry sample=18 wall_ms=1.564 cpu_ms=0.535 gc_cpu_ms=0.272 gc_wall_ms=0.386 scheme_bytes=537416 minor_faults=0 voluntary_switches=0 involuntary_switches=9 thread_cpu_ms=0.532 wall_minus_thread_cpu_ms=1.032
UTF8-COST jobs=1000 phase=dispatch sample=18 wall_ms=0.922 cpu_ms=0.294 gc_cpu_ms=0.000 gc_wall_ms=0.000 scheme_bytes=832056 minor_faults=0 voluntary_switches=0 involuntary_switches=2 thread_cpu_ms=0.292 wall_minus_thread_cpu_ms=0.629
UTF8-COST jobs=1000 phase=owned sample=18 wall_ms=16.299 cpu_ms=8.068 gc_cpu_ms=0.244 gc_wall_ms=1.312 scheme_bytes=682024 minor_faults=0 voluntary_switches=1 involuntary_switches=37 thread_cpu_ms=8.066 wall_minus_thread_cpu_ms=8.233
UTF8-COST jobs=1000 phase=length sample=18 wall_ms=0.067 cpu_ms=0.069 gc_cpu_ms=0.000 gc_wall_ms=0.000 scheme_bytes=56056 minor_faults=0 voluntary_switches=0 involuntary_switches=0 thread_cpu_ms=0.067 wall_minus_thread_cpu_ms=-0.001
UTF8-COST jobs=1000 phase=allocation sample=18 wall_ms=0.028 cpu_ms=0.029 gc_cpu_ms=0.000 gc_wall_ms=0.000 scheme_bytes=56 minor_faults=0 voluntary_switches=0 involuntary_switches=0 thread_cpu_ms=0.028 wall_minus_thread_cpu_ms=-0.000
UTF8-COST jobs=1000 phase=validation sample=19 wall_ms=4.301 cpu_ms=1.041 gc_cpu_ms=0.000 gc_wall_ms=0.000 scheme_bytes=56 minor_faults=0 voluntary_switches=0 involuntary_switches=4 thread_cpu_ms=1.034 wall_minus_thread_cpu_ms=3.266
UTF8-COST jobs=1000 phase=entry sample=19 wall_ms=0.821 cpu_ms=0.792 gc_cpu_ms=0.557 gc_wall_ms=0.555 scheme_bytes=529712 minor_faults=0 voluntary_switches=0 involuntary_switches=1 thread_cpu_ms=0.788 wall_minus_thread_cpu_ms=0.033
UTF8-COST jobs=1000 phase=dispatch sample=19 wall_ms=0.702 cpu_ms=0.708 gc_cpu_ms=0.000 gc_wall_ms=0.000 scheme_bytes=832056 minor_faults=0 voluntary_switches=0 involuntary_switches=0 thread_cpu_ms=0.705 wall_minus_thread_cpu_ms=-0.003
UTF8-COST jobs=1000 phase=owned sample=19 wall_ms=11.286 cpu_ms=7.479 gc_cpu_ms=0.209 gc_wall_ms=0.208 scheme_bytes=641024 minor_faults=0 voluntary_switches=0 involuntary_switches=46 thread_cpu_ms=7.477 wall_minus_thread_cpu_ms=3.809
UTF8-COST jobs=1000 phase=length sample=19 wall_ms=0.066 cpu_ms=0.068 gc_cpu_ms=0.000 gc_wall_ms=0.000 scheme_bytes=56056 minor_faults=0 voluntary_switches=0 involuntary_switches=0 thread_cpu_ms=0.067 wall_minus_thread_cpu_ms=-0.001
UTF8-COST jobs=1000 phase=allocation sample=19 wall_ms=0.029 cpu_ms=0.030 gc_cpu_ms=0.000 gc_wall_ms=0.000 scheme_bytes=56 minor_faults=0 voluntary_switches=0 involuntary_switches=0 thread_cpu_ms=0.030 wall_minus_thread_cpu_ms=-0.001
UTF8-COST jobs=1000 phase=encoding sample=19 wall_ms=11.295 cpu_ms=5.152 gc_cpu_ms=0.000 gc_wall_ms=0.000 scheme_bytes=832056 minor_faults=0 voluntary_switches=0 involuntary_switches=8 thread_cpu_ms=5.150 wall_minus_thread_cpu_ms=6.145
UTF8-COST jobs=1000 phase=entry sample=20 wall_ms=0.307 cpu_ms=0.309 gc_cpu_ms=0.203 gc_wall_ms=0.203 scheme_bytes=496352 minor_faults=0 voluntary_switches=0 involuntary_switches=0 thread_cpu_ms=0.308 wall_minus_thread_cpu_ms=-0.001
UTF8-COST jobs=1000 phase=dispatch sample=20 wall_ms=0.280 cpu_ms=0.281 gc_cpu_ms=0.000 gc_wall_ms=0.000 scheme_bytes=832056 minor_faults=0 voluntary_switches=0 involuntary_switches=0 thread_cpu_ms=0.281 wall_minus_thread_cpu_ms=-0.001
UTF8-COST jobs=1000 phase=owned sample=20 wall_ms=7.708 cpu_ms=6.706 gc_cpu_ms=0.130 gc_wall_ms=0.130 scheme_bytes=714928 minor_faults=0 voluntary_switches=1 involuntary_switches=1 thread_cpu_ms=6.703 wall_minus_thread_cpu_ms=1.006
UTF8-COST jobs=1000 phase=length sample=20 wall_ms=0.139 cpu_ms=0.143 gc_cpu_ms=0.000 gc_wall_ms=0.000 scheme_bytes=56056 minor_faults=0 voluntary_switches=0 involuntary_switches=0 thread_cpu_ms=0.140 wall_minus_thread_cpu_ms=-0.002
UTF8-COST jobs=1000 phase=allocation sample=20 wall_ms=0.074 cpu_ms=0.078 gc_cpu_ms=0.000 gc_wall_ms=0.000 scheme_bytes=56 minor_faults=0 voluntary_switches=0 involuntary_switches=0 thread_cpu_ms=0.075 wall_minus_thread_cpu_ms=-0.001
UTF8-COST jobs=1000 phase=encoding sample=20 wall_ms=268.035 cpu_ms=6.347 gc_cpu_ms=0.241 gc_wall_ms=0.241 scheme_bytes=519344 minor_faults=0 voluntary_switches=0 involuntary_switches=27 thread_cpu_ms=6.344 wall_minus_thread_cpu_ms=261.691
UTF8-COST jobs=1000 phase=validation sample=20 wall_ms=12.684 cpu_ms=1.402 gc_cpu_ms=0.000 gc_wall_ms=0.000 scheme_bytes=56 minor_faults=0 voluntary_switches=0 involuntary_switches=4 thread_cpu_ms=1.396 wall_minus_thread_cpu_ms=11.288
UTF8-COST-SUMMARY jobs=1000 phase=owned samples=20 wall_ms=16.040 cpu_ms=7.184 gc_cpu_ms=0.065 gc_wall_ms=0.065 scheme_bytes=805656 minor_faults=0 voluntary_switches=0 involuntary_switches=35 thread_cpu_ms=7.166
UTF8-COST-SUMMARY jobs=1000 phase=length samples=20 wall_ms=0.067 cpu_ms=0.069 gc_cpu_ms=0.000 gc_wall_ms=0.000 scheme_bytes=56056 minor_faults=0 voluntary_switches=0 involuntary_switches=0 thread_cpu_ms=0.067
UTF8-COST-SUMMARY jobs=1000 phase=allocation samples=20 wall_ms=0.028 cpu_ms=0.030 gc_cpu_ms=0.000 gc_wall_ms=0.000 scheme_bytes=56 minor_faults=0 voluntary_switches=0 involuntary_switches=0 thread_cpu_ms=0.029
UTF8-COST-SUMMARY jobs=1000 phase=encoding samples=20 wall_ms=11.249 cpu_ms=6.101 gc_cpu_ms=0.207 gc_wall_ms=0.206 scheme_bytes=568404 minor_faults=0 voluntary_switches=0 involuntary_switches=26 thread_cpu_ms=6.099
UTF8-COST-SUMMARY jobs=1000 phase=validation samples=20 wall_ms=4.007 cpu_ms=1.044 gc_cpu_ms=0.000 gc_wall_ms=0.000 scheme_bytes=56 minor_faults=0 voluntary_switches=0 involuntary_switches=4 thread_cpu_ms=1.038
UTF8-COST-SUMMARY jobs=1000 phase=entry samples=20 wall_ms=0.410 cpu_ms=0.300 gc_cpu_ms=0.193 gc_wall_ms=0.193 scheme_bytes=603272 minor_faults=0 voluntary_switches=0 involuntary_switches=0 thread_cpu_ms=0.299
UTF8-COST-SUMMARY jobs=1000 phase=dispatch samples=20 wall_ms=0.531 cpu_ms=0.475 gc_cpu_ms=0.166 gc_wall_ms=0.180 scheme_bytes=683652 minor_faults=0 voluntary_switches=0 involuntary_switches=1 thread_cpu_ms=0.473
UTF8-COST jobs=10000 phase=owned sample=1 wall_ms=607.569 cpu_ms=70.602 gc_cpu_ms=1.333 gc_wall_ms=1.461 scheme_bytes=7129216 minor_faults=0 voluntary_switches=4 involuntary_switches=307 thread_cpu_ms=70.599 wall_minus_thread_cpu_ms=536.970
UTF8-COST jobs=10000 phase=length sample=1 wall_ms=0.690 cpu_ms=0.692 gc_cpu_ms=0.000 gc_wall_ms=0.000 scheme_bytes=560056 minor_faults=34 voluntary_switches=0 involuntary_switches=0 thread_cpu_ms=0.691 wall_minus_thread_cpu_ms=-0.001
UTF8-COST jobs=10000 phase=allocation sample=1 wall_ms=0.269 cpu_ms=0.271 gc_cpu_ms=0.000 gc_wall_ms=0.000 scheme_bytes=56 minor_faults=0 voluntary_switches=0 involuntary_switches=0 thread_cpu_ms=0.270 wall_minus_thread_cpu_ms=-0.001
UTF8-COST jobs=10000 phase=encoding sample=1 wall_ms=93.309 cpu_ms=57.811 gc_cpu_ms=1.304 gc_wall_ms=1.328 scheme_bytes=6472976 minor_faults=3 voluntary_switches=3 involuntary_switches=210 thread_cpu_ms=57.809 wall_minus_thread_cpu_ms=35.500
UTF8-COST jobs=10000 phase=validation sample=1 wall_ms=23.648 cpu_ms=10.192 gc_cpu_ms=0.000 gc_wall_ms=0.000 scheme_bytes=56 minor_faults=0 voluntary_switches=0 involuntary_switches=99 thread_cpu_ms=10.184 wall_minus_thread_cpu_ms=13.464
UTF8-COST jobs=10000 phase=entry sample=1 wall_ms=2.044 cpu_ms=1.792 gc_cpu_ms=0.768 gc_wall_ms=0.766 scheme_bytes=6949312 minor_faults=0 voluntary_switches=0 involuntary_switches=1 thread_cpu_ms=1.790 wall_minus_thread_cpu_ms=0.253
UTF8-COST jobs=10000 phase=dispatch sample=1 wall_ms=3.385 cpu_ms=3.388 gc_cpu_ms=0.596 gc_wall_ms=0.598 scheme_bytes=7255128 minor_faults=0 voluntary_switches=0 involuntary_switches=0 thread_cpu_ms=3.386 wall_minus_thread_cpu_ms=-0.001
UTF8-COST jobs=10000 phase=length sample=2 wall_ms=0.827 cpu_ms=0.829 gc_cpu_ms=0.173 gc_wall_ms=0.172 scheme_bytes=106576 minor_faults=0 voluntary_switches=0 involuntary_switches=0 thread_cpu_ms=0.828 wall_minus_thread_cpu_ms=-0.001
UTF8-COST jobs=10000 phase=allocation sample=2 wall_ms=0.271 cpu_ms=0.273 gc_cpu_ms=0.000 gc_wall_ms=0.000 scheme_bytes=56 minor_faults=0 voluntary_switches=0 involuntary_switches=0 thread_cpu_ms=0.272 wall_minus_thread_cpu_ms=-0.001
UTF8-COST jobs=10000 phase=encoding sample=2 wall_ms=197.383 cpu_ms=57.413 gc_cpu_ms=1.259 gc_wall_ms=1.517 scheme_bytes=6760648 minor_faults=0 voluntary_switches=3 involuntary_switches=199 thread_cpu_ms=57.411 wall_minus_thread_cpu_ms=139.972
UTF8-COST jobs=10000 phase=validation sample=2 wall_ms=17.436 cpu_ms=11.275 gc_cpu_ms=0.000 gc_wall_ms=0.000 scheme_bytes=56 minor_faults=0 voluntary_switches=0 involuntary_switches=93 thread_cpu_ms=11.269 wall_minus_thread_cpu_ms=6.167
UTF8-COST jobs=10000 phase=entry sample=2 wall_ms=4.950 cpu_ms=1.739 gc_cpu_ms=0.670 gc_wall_ms=2.394 scheme_bytes=7097768 minor_faults=0 voluntary_switches=0 involuntary_switches=33 thread_cpu_ms=1.738 wall_minus_thread_cpu_ms=3.212
UTF8-COST jobs=10000 phase=dispatch sample=2 wall_ms=9.999 cpu_ms=4.616 gc_cpu_ms=1.038 gc_wall_ms=1.867 scheme_bytes=7106680 minor_faults=0 voluntary_switches=1 involuntary_switches=44 thread_cpu_ms=4.614 wall_minus_thread_cpu_ms=5.385
UTF8-COST jobs=10000 phase=owned sample=2 wall_ms=367.392 cpu_ms=72.334 gc_cpu_ms=1.400 gc_wall_ms=2.350 scheme_bytes=7145384 minor_faults=0 voluntary_switches=3 involuntary_switches=462 thread_cpu_ms=72.331 wall_minus_thread_cpu_ms=295.060
UTF8-COST jobs=10000 phase=allocation sample=3 wall_ms=0.270 cpu_ms=0.271 gc_cpu_ms=0.000 gc_wall_ms=0.000 scheme_bytes=56 minor_faults=0 voluntary_switches=0 involuntary_switches=0 thread_cpu_ms=0.270 wall_minus_thread_cpu_ms=-0.001
UTF8-COST jobs=10000 phase=encoding sample=3 wall_ms=78.446 cpu_ms=56.128 gc_cpu_ms=1.243 gc_wall_ms=1.271 scheme_bytes=6975328 minor_faults=0 voluntary_switches=4 involuntary_switches=96 thread_cpu_ms=56.125 wall_minus_thread_cpu_ms=22.321
UTF8-COST jobs=10000 phase=validation sample=3 wall_ms=15.302 cpu_ms=10.674 gc_cpu_ms=0.000 gc_wall_ms=0.000 scheme_bytes=56 minor_faults=0 voluntary_switches=1 involuntary_switches=41 thread_cpu_ms=10.667 wall_minus_thread_cpu_ms=4.635
UTF8-COST jobs=10000 phase=entry sample=3 wall_ms=4.398 cpu_ms=3.603 gc_cpu_ms=1.457 gc_wall_ms=2.086 scheme_bytes=6932800 minor_faults=0 voluntary_switches=0 involuntary_switches=7 thread_cpu_ms=3.602 wall_minus_thread_cpu_ms=0.796
UTF8-COST jobs=10000 phase=dispatch sample=3 wall_ms=4.018 cpu_ms=3.660 gc_cpu_ms=0.838 gc_wall_ms=0.836 scheme_bytes=7057048 minor_faults=0 voluntary_switches=0 involuntary_switches=2 thread_cpu_ms=3.659 wall_minus_thread_cpu_ms=0.359
UTF8-COST jobs=10000 phase=owned sample=3 wall_ms=144.980 cpu_ms=70.554 gc_cpu_ms=1.637 gc_wall_ms=3.436 scheme_bytes=7112960 minor_faults=0 voluntary_switches=2 involuntary_switches=288 thread_cpu_ms=70.552 wall_minus_thread_cpu_ms=74.428
UTF8-COST jobs=10000 phase=length sample=3 wall_ms=0.651 cpu_ms=0.653 gc_cpu_ms=0.000 gc_wall_ms=0.000 scheme_bytes=560056 minor_faults=0 voluntary_switches=0 involuntary_switches=0 thread_cpu_ms=0.652 wall_minus_thread_cpu_ms=-0.001
UTF8-COST jobs=10000 phase=encoding sample=4 wall_ms=604.702 cpu_ms=60.050 gc_cpu_ms=1.568 gc_wall_ms=2.901 scheme_bytes=6481064 minor_faults=0 voluntary_switches=2 involuntary_switches=274 thread_cpu_ms=60.048 wall_minus_thread_cpu_ms=544.654
UTF8-COST jobs=10000 phase=validation sample=4 wall_ms=30.068 cpu_ms=10.491 gc_cpu_ms=0.000 gc_wall_ms=0.000 scheme_bytes=56 minor_faults=0 voluntary_switches=1 involuntary_switches=72 thread_cpu_ms=10.484 wall_minus_thread_cpu_ms=19.583
UTF8-COST jobs=10000 phase=entry sample=4 wall_ms=2.810 cpu_ms=1.810 gc_cpu_ms=0.672 gc_wall_ms=0.669 scheme_bytes=7056456 minor_faults=0 voluntary_switches=0 involuntary_switches=5 thread_cpu_ms=1.809 wall_minus_thread_cpu_ms=1.001
UTF8-COST jobs=10000 phase=dispatch sample=4 wall_ms=4.938 cpu_ms=3.847 gc_cpu_ms=0.887 gc_wall_ms=0.884 scheme_bytes=7139792 minor_faults=0 voluntary_switches=0 involuntary_switches=12 thread_cpu_ms=3.846 wall_minus_thread_cpu_ms=1.092
UTF8-COST jobs=10000 phase=owned sample=4 wall_ms=980.908 cpu_ms=70.541 gc_cpu_ms=1.877 gc_wall_ms=1.926 scheme_bytes=6873848 minor_faults=0 voluntary_switches=8 involuntary_switches=363 thread_cpu_ms=70.538 wall_minus_thread_cpu_ms=910.370
UTF8-COST jobs=10000 phase=length sample=4 wall_ms=1.495 cpu_ms=0.724 gc_cpu_ms=0.000 gc_wall_ms=0.000 scheme_bytes=560056 minor_faults=0 voluntary_switches=0 involuntary_switches=6 thread_cpu_ms=0.722 wall_minus_thread_cpu_ms=0.773
UTF8-COST jobs=10000 phase=allocation sample=4 wall_ms=0.706 cpu_ms=0.297 gc_cpu_ms=0.000 gc_wall_ms=0.000 scheme_bytes=56 minor_faults=0 voluntary_switches=0 involuntary_switches=1 thread_cpu_ms=0.287 wall_minus_thread_cpu_ms=0.418
UTF8-COST jobs=10000 phase=validation sample=5 wall_ms=24.738 cpu_ms=11.032 gc_cpu_ms=0.000 gc_wall_ms=0.000 scheme_bytes=56 minor_faults=0 voluntary_switches=0 involuntary_switches=55 thread_cpu_ms=11.025 wall_minus_thread_cpu_ms=13.713
UTF8-COST jobs=10000 phase=entry sample=5 wall_ms=6.993 cpu_ms=2.342 gc_cpu_ms=0.997 gc_wall_ms=0.993 scheme_bytes=6554536 minor_faults=0 voluntary_switches=0 involuntary_switches=7 thread_cpu_ms=2.341 wall_minus_thread_cpu_ms=4.652
UTF8-COST jobs=10000 phase=dispatch sample=5 wall_ms=19.377 cpu_ms=4.198 gc_cpu_ms=1.136 gc_wall_ms=10.188 scheme_bytes=7131512 minor_faults=0 voluntary_switches=0 involuntary_switches=27 thread_cpu_ms=4.196 wall_minus_thread_cpu_ms=15.181
UTF8-COST jobs=10000 phase=owned sample=5 wall_ms=1039.323 cpu_ms=76.257 gc_cpu_ms=1.439 gc_wall_ms=18.376 scheme_bytes=7161640 minor_faults=0 voluntary_switches=4 involuntary_switches=540 thread_cpu_ms=76.254 wall_minus_thread_cpu_ms=963.069
UTF8-COST jobs=10000 phase=length sample=5 wall_ms=1.472 cpu_ms=1.071 gc_cpu_ms=0.269 gc_wall_ms=0.317 scheme_bytes=107640 minor_faults=0 voluntary_switches=0 involuntary_switches=8 thread_cpu_ms=1.068 wall_minus_thread_cpu_ms=0.404
UTF8-COST jobs=10000 phase=allocation sample=5 wall_ms=116.914 cpu_ms=0.782 gc_cpu_ms=0.000 gc_wall_ms=0.000 scheme_bytes=56 minor_faults=0 voluntary_switches=0 involuntary_switches=12 thread_cpu_ms=0.774 wall_minus_thread_cpu_ms=116.140
UTF8-COST jobs=10000 phase=encoding sample=5 wall_ms=119.064 cpu_ms=60.560 gc_cpu_ms=1.392 gc_wall_ms=2.075 scheme_bytes=6694800 minor_faults=0 voluntary_switches=6 involuntary_switches=537 thread_cpu_ms=60.557 wall_minus_thread_cpu_ms=58.507
UTF8-COST jobs=10000 phase=entry sample=6 wall_ms=9.388 cpu_ms=2.265 gc_cpu_ms=0.727 gc_wall_ms=1.758 scheme_bytes=7097792 minor_faults=0 voluntary_switches=0 involuntary_switches=44 thread_cpu_ms=2.263 wall_minus_thread_cpu_ms=7.126
UTF8-COST jobs=10000 phase=dispatch sample=6 wall_ms=9.324 cpu_ms=6.172 gc_cpu_ms=1.535 gc_wall_ms=1.630 scheme_bytes=7106680 minor_faults=0 voluntary_switches=0 involuntary_switches=26 thread_cpu_ms=6.169 wall_minus_thread_cpu_ms=3.155
UTF8-COST jobs=10000 phase=owned sample=6 wall_ms=152.821 cpu_ms=74.588 gc_cpu_ms=1.730 gc_wall_ms=2.238 scheme_bytes=7145400 minor_faults=0 voluntary_switches=3 involuntary_switches=754 thread_cpu_ms=74.584 wall_minus_thread_cpu_ms=78.237
UTF8-COST jobs=10000 phase=length sample=6 wall_ms=1.930 cpu_ms=0.845 gc_cpu_ms=0.000 gc_wall_ms=0.000 scheme_bytes=560056 minor_faults=1 voluntary_switches=0 involuntary_switches=17 thread_cpu_ms=0.839 wall_minus_thread_cpu_ms=1.091
UTF8-COST jobs=10000 phase=allocation sample=6 wall_ms=0.905 cpu_ms=0.293 gc_cpu_ms=0.000 gc_wall_ms=0.000 scheme_bytes=56 minor_faults=0 voluntary_switches=0 involuntary_switches=6 thread_cpu_ms=0.292 wall_minus_thread_cpu_ms=0.613
UTF8-COST jobs=10000 phase=encoding sample=6 wall_ms=149.055 cpu_ms=62.475 gc_cpu_ms=1.489 gc_wall_ms=1.716 scheme_bytes=6448568 minor_faults=1 voluntary_switches=2 involuntary_switches=333 thread_cpu_ms=62.473 wall_minus_thread_cpu_ms=86.581
UTF8-COST jobs=10000 phase=validation sample=6 wall_ms=25.940 cpu_ms=11.444 gc_cpu_ms=0.000 gc_wall_ms=0.000 scheme_bytes=56 minor_faults=0 voluntary_switches=1 involuntary_switches=36 thread_cpu_ms=11.439 wall_minus_thread_cpu_ms=14.501
UTF8-COST jobs=10000 phase=dispatch sample=7 wall_ms=3.616 cpu_ms=3.619 gc_cpu_ms=0.807 gc_wall_ms=0.818 scheme_bytes=7032200 minor_faults=0 voluntary_switches=0 involuntary_switches=0 thread_cpu_ms=3.617 wall_minus_thread_cpu_ms=-0.001
UTF8-COST jobs=10000 phase=owned sample=7 wall_ms=116.422 cpu_ms=67.426 gc_cpu_ms=1.250 gc_wall_ms=2.058 scheme_bytes=7161696 minor_faults=0 voluntary_switches=4 involuntary_switches=220 thread_cpu_ms=67.424 wall_minus_thread_cpu_ms=48.999
UTF8-COST jobs=10000 phase=length sample=7 wall_ms=1.009 cpu_ms=0.918 gc_cpu_ms=0.234 gc_wall_ms=0.234 scheme_bytes=107616 minor_faults=0 voluntary_switches=0 involuntary_switches=4 thread_cpu_ms=0.916 wall_minus_thread_cpu_ms=0.092
UTF8-COST jobs=10000 phase=allocation sample=7 wall_ms=0.490 cpu_ms=0.378 gc_cpu_ms=0.000 gc_wall_ms=0.000 scheme_bytes=56 minor_faults=0 voluntary_switches=0 involuntary_switches=7 thread_cpu_ms=0.374 wall_minus_thread_cpu_ms=0.116
UTF8-COST jobs=10000 phase=encoding sample=7 wall_ms=106.106 cpu_ms=55.892 gc_cpu_ms=1.607 gc_wall_ms=1.726 scheme_bytes=6702992 minor_faults=0 voluntary_switches=2 involuntary_switches=377 thread_cpu_ms=55.889 wall_minus_thread_cpu_ms=50.217
UTF8-COST jobs=10000 phase=validation sample=7 wall_ms=21.364 cpu_ms=12.048 gc_cpu_ms=0.000 gc_wall_ms=0.000 scheme_bytes=56 minor_faults=0 voluntary_switches=0 involuntary_switches=42 thread_cpu_ms=12.038 wall_minus_thread_cpu_ms=9.326
UTF8-COST jobs=10000 phase=entry sample=7 wall_ms=5.356 cpu_ms=2.850 gc_cpu_ms=1.086 gc_wall_ms=1.483 scheme_bytes=7097768 minor_faults=0 voluntary_switches=0 involuntary_switches=23 thread_cpu_ms=2.847 wall_minus_thread_cpu_ms=2.509
UTF8-COST jobs=10000 phase=owned sample=8 wall_ms=243.489 cpu_ms=70.356 gc_cpu_ms=1.358 gc_wall_ms=1.674 scheme_bytes=7228080 minor_faults=0 voluntary_switches=2 involuntary_switches=439 thread_cpu_ms=70.353 wall_minus_thread_cpu_ms=173.136
UTF8-COST jobs=10000 phase=length sample=8 wall_ms=0.655 cpu_ms=0.656 gc_cpu_ms=0.000 gc_wall_ms=0.000 scheme_bytes=560056 minor_faults=0 voluntary_switches=0 involuntary_switches=0 thread_cpu_ms=0.655 wall_minus_thread_cpu_ms=-0.001
UTF8-COST jobs=10000 phase=allocation sample=8 wall_ms=0.269 cpu_ms=0.270 gc_cpu_ms=0.000 gc_wall_ms=0.000 scheme_bytes=56 minor_faults=0 voluntary_switches=0 involuntary_switches=0 thread_cpu_ms=0.269 wall_minus_thread_cpu_ms=-0.000
UTF8-COST jobs=10000 phase=encoding sample=8 wall_ms=550.434 cpu_ms=64.175 gc_cpu_ms=1.659 gc_wall_ms=2.091 scheme_bytes=6440400 minor_faults=1 voluntary_switches=0 involuntary_switches=386 thread_cpu_ms=64.173 wall_minus_thread_cpu_ms=486.260
UTF8-COST jobs=10000 phase=validation sample=8 wall_ms=65.116 cpu_ms=11.883 gc_cpu_ms=0.000 gc_wall_ms=0.000 scheme_bytes=56 minor_faults=0 voluntary_switches=0 involuntary_switches=50 thread_cpu_ms=11.876 wall_minus_thread_cpu_ms=53.239
UTF8-COST jobs=10000 phase=entry sample=8 wall_ms=7.689 cpu_ms=2.421 gc_cpu_ms=1.100 gc_wall_ms=2.548 scheme_bytes=6907976 minor_faults=0 voluntary_switches=0 involuntary_switches=14 thread_cpu_ms=2.412 wall_minus_thread_cpu_ms=5.277
UTF8-COST jobs=10000 phase=dispatch sample=8 wall_ms=22.171 cpu_ms=4.682 gc_cpu_ms=1.111 gc_wall_ms=1.311 scheme_bytes=7081856 minor_faults=0 voluntary_switches=0 involuntary_switches=30 thread_cpu_ms=4.679 wall_minus_thread_cpu_ms=17.492
UTF8-COST jobs=10000 phase=length sample=9 wall_ms=1.697 cpu_ms=0.867 gc_cpu_ms=0.000 gc_wall_ms=0.000 scheme_bytes=560056 minor_faults=0 voluntary_switches=0 involuntary_switches=10 thread_cpu_ms=0.863 wall_minus_thread_cpu_ms=0.833
UTF8-COST jobs=10000 phase=allocation sample=9 wall_ms=1.121 cpu_ms=0.828 gc_cpu_ms=0.000 gc_wall_ms=0.000 scheme_bytes=56 minor_faults=0 voluntary_switches=0 involuntary_switches=3 thread_cpu_ms=0.824 wall_minus_thread_cpu_ms=0.297
UTF8-COST jobs=10000 phase=encoding sample=9 wall_ms=158.212 cpu_ms=60.187 gc_cpu_ms=1.896 gc_wall_ms=3.023 scheme_bytes=6513648 minor_faults=0 voluntary_switches=2 involuntary_switches=253 thread_cpu_ms=60.181 wall_minus_thread_cpu_ms=98.031
UTF8-COST jobs=10000 phase=validation sample=9 wall_ms=11.253 cpu_ms=9.655 gc_cpu_ms=0.000 gc_wall_ms=0.000 scheme_bytes=56 minor_faults=0 voluntary_switches=0 involuntary_switches=5 thread_cpu_ms=9.650 wall_minus_thread_cpu_ms=1.603
UTF8-COST jobs=10000 phase=entry sample=9 wall_ms=1.675 cpu_ms=1.663 gc_cpu_ms=0.648 gc_wall_ms=0.646 scheme_bytes=7056440 minor_faults=0 voluntary_switches=0 involuntary_switches=1 thread_cpu_ms=1.658 wall_minus_thread_cpu_ms=0.018
UTF8-COST jobs=10000 phase=dispatch sample=9 wall_ms=8.971 cpu_ms=5.982 gc_cpu_ms=1.464 gc_wall_ms=1.513 scheme_bytes=7148024 minor_faults=0 voluntary_switches=0 involuntary_switches=14 thread_cpu_ms=5.981 wall_minus_thread_cpu_ms=2.990
UTF8-COST jobs=10000 phase=owned sample=9 wall_ms=289.282 cpu_ms=75.076 gc_cpu_ms=2.077 gc_wall_ms=4.553 scheme_bytes=6882088 minor_faults=0 voluntary_switches=3 involuntary_switches=583 thread_cpu_ms=75.074 wall_minus_thread_cpu_ms=214.208
UTF8-COST jobs=10000 phase=allocation sample=10 wall_ms=1.301 cpu_ms=0.742 gc_cpu_ms=0.000 gc_wall_ms=0.000 scheme_bytes=56 minor_faults=0 voluntary_switches=0 involuntary_switches=1 thread_cpu_ms=0.734 wall_minus_thread_cpu_ms=0.568
UTF8-COST jobs=10000 phase=encoding sample=10 wall_ms=638.892 cpu_ms=61.986 gc_cpu_ms=1.274 gc_wall_ms=4.391 scheme_bytes=7238656 minor_faults=0 voluntary_switches=3 involuntary_switches=369 thread_cpu_ms=61.981 wall_minus_thread_cpu_ms=576.911
UTF8-COST jobs=10000 phase=validation sample=10 wall_ms=80.480 cpu_ms=11.141 gc_cpu_ms=0.000 gc_wall_ms=0.000 scheme_bytes=56 minor_faults=0 voluntary_switches=1 involuntary_switches=100 thread_cpu_ms=11.132 wall_minus_thread_cpu_ms=69.348
UTF8-COST jobs=10000 phase=entry sample=10 wall_ms=2.627 cpu_ms=1.975 gc_cpu_ms=0.898 gc_wall_ms=1.041 scheme_bytes=6891408 minor_faults=0 voluntary_switches=0 involuntary_switches=16 thread_cpu_ms=1.972 wall_minus_thread_cpu_ms=0.655
UTF8-COST jobs=10000 phase=dispatch sample=10 wall_ms=111.109 cpu_ms=5.514 gc_cpu_ms=1.236 gc_wall_ms=4.071 scheme_bytes=7090176 minor_faults=0 voluntary_switches=0 involuntary_switches=15 thread_cpu_ms=5.512 wall_minus_thread_cpu_ms=105.597
UTF8-COST jobs=10000 phase=owned sample=10 wall_ms=461.165 cpu_ms=72.103 gc_cpu_ms=1.761 gc_wall_ms=4.279 scheme_bytes=7137296 minor_faults=0 voluntary_switches=2 involuntary_switches=652 thread_cpu_ms=72.099 wall_minus_thread_cpu_ms=389.067
UTF8-COST jobs=10000 phase=length sample=10 wall_ms=1.396 cpu_ms=0.677 gc_cpu_ms=0.000 gc_wall_ms=0.000 scheme_bytes=560056 minor_faults=0 voluntary_switches=0 involuntary_switches=7 thread_cpu_ms=0.676 wall_minus_thread_cpu_ms=0.720
UTF8-COST jobs=10000 phase=encoding sample=11 wall_ms=1048.096 cpu_ms=70.259 gc_cpu_ms=1.989 gc_wall_ms=30.399 scheme_bytes=6456752 minor_faults=0 voluntary_switches=2 involuntary_switches=462 thread_cpu_ms=70.256 wall_minus_thread_cpu_ms=977.840
UTF8-COST jobs=10000 phase=validation sample=11 wall_ms=106.564 cpu_ms=11.964 gc_cpu_ms=0.000 gc_wall_ms=0.000 scheme_bytes=56 minor_faults=0 voluntary_switches=0 involuntary_switches=52 thread_cpu_ms=11.956 wall_minus_thread_cpu_ms=94.608
UTF8-COST jobs=10000 phase=entry sample=11 wall_ms=7.540 cpu_ms=3.107 gc_cpu_ms=1.281 gc_wall_ms=1.399 scheme_bytes=6924560 minor_faults=0 voluntary_switches=0 involuntary_switches=9 thread_cpu_ms=3.103 wall_minus_thread_cpu_ms=4.437
UTF8-COST jobs=10000 phase=dispatch sample=11 wall_ms=93.914 cpu_ms=5.482 gc_cpu_ms=1.360 gc_wall_ms=16.073 scheme_bytes=7065312 minor_faults=0 voluntary_switches=0 involuntary_switches=38 thread_cpu_ms=5.467 wall_minus_thread_cpu_ms=88.447
UTF8-COST jobs=10000 phase=owned sample=11 wall_ms=223.831 cpu_ms=78.382 gc_cpu_ms=2.008 gc_wall_ms=6.774 scheme_bytes=7121096 minor_faults=0 voluntary_switches=2 involuntary_switches=610 thread_cpu_ms=78.379 wall_minus_thread_cpu_ms=145.452
UTF8-COST jobs=10000 phase=length sample=11 wall_ms=0.655 cpu_ms=0.657 gc_cpu_ms=0.000 gc_wall_ms=0.000 scheme_bytes=560056 minor_faults=0 voluntary_switches=0 involuntary_switches=0 thread_cpu_ms=0.656 wall_minus_thread_cpu_ms=-0.001
UTF8-COST jobs=10000 phase=allocation sample=11 wall_ms=0.325 cpu_ms=0.307 gc_cpu_ms=0.000 gc_wall_ms=0.000 scheme_bytes=56 minor_faults=0 voluntary_switches=0 involuntary_switches=1 thread_cpu_ms=0.303 wall_minus_thread_cpu_ms=0.022
UTF8-COST jobs=10000 phase=validation sample=12 wall_ms=50.286 cpu_ms=14.423 gc_cpu_ms=0.000 gc_wall_ms=0.000 scheme_bytes=56 minor_faults=0 voluntary_switches=0 involuntary_switches=135 thread_cpu_ms=14.413 wall_minus_thread_cpu_ms=35.873
UTF8-COST jobs=10000 phase=entry sample=12 wall_ms=7.242 cpu_ms=3.813 gc_cpu_ms=1.949 gc_wall_ms=4.894 scheme_bytes=6398296 minor_faults=0 voluntary_switches=1 involuntary_switches=20 thread_cpu_ms=3.811 wall_minus_thread_cpu_ms=3.431
UTF8-COST jobs=10000 phase=dispatch sample=12 wall_ms=20.794 cpu_ms=5.073 gc_cpu_ms=1.457 gc_wall_ms=10.975 scheme_bytes=7048744 minor_faults=0 voluntary_switches=1 involuntary_switches=62 thread_cpu_ms=5.071 wall_minus_thread_cpu_ms=15.723
UTF8-COST jobs=10000 phase=owned sample=12 wall_ms=1072.978 cpu_ms=74.251 gc_cpu_ms=1.648 gc_wall_ms=39.714 scheme_bytes=7113048 minor_faults=0 voluntary_switches=2 involuntary_switches=418 thread_cpu_ms=74.248 wall_minus_thread_cpu_ms=998.730
UTF8-COST jobs=10000 phase=length sample=12 wall_ms=0.660 cpu_ms=0.662 gc_cpu_ms=0.000 gc_wall_ms=0.000 scheme_bytes=560056 minor_faults=0 voluntary_switches=0 involuntary_switches=0 thread_cpu_ms=0.661 wall_minus_thread_cpu_ms=-0.001
UTF8-COST jobs=10000 phase=allocation sample=12 wall_ms=0.269 cpu_ms=0.271 gc_cpu_ms=0.000 gc_wall_ms=0.000 scheme_bytes=56 minor_faults=0 voluntary_switches=0 involuntary_switches=0 thread_cpu_ms=0.269 wall_minus_thread_cpu_ms=-0.001
UTF8-COST jobs=10000 phase=encoding sample=12 wall_ms=1085.772 cpu_ms=69.647 gc_cpu_ms=2.064 gc_wall_ms=7.389 scheme_bytes=6489192 minor_faults=0 voluntary_switches=3 involuntary_switches=414 thread_cpu_ms=69.645 wall_minus_thread_cpu_ms=1016.128
UTF8-COST jobs=10000 phase=entry sample=13 wall_ms=29.847 cpu_ms=2.272 gc_cpu_ms=1.039 gc_wall_ms=1.445 scheme_bytes=7072960 minor_faults=0 voluntary_switches=0 involuntary_switches=10 thread_cpu_ms=2.269 wall_minus_thread_cpu_ms=27.578
UTF8-COST jobs=10000 phase=dispatch sample=13 wall_ms=26.923 cpu_ms=4.940 gc_cpu_ms=1.219 gc_wall_ms=1.770 scheme_bytes=7131568 minor_faults=0 voluntary_switches=0 involuntary_switches=24 thread_cpu_ms=4.937 wall_minus_thread_cpu_ms=21.986
UTF8-COST jobs=10000 phase=owned sample=13 wall_ms=554.940 cpu_ms=75.500 gc_cpu_ms=2.058 gc_wall_ms=2.108 scheme_bytes=7169864 minor_faults=0 voluntary_switches=3 involuntary_switches=442 thread_cpu_ms=75.496 wall_minus_thread_cpu_ms=479.444
UTF8-COST jobs=10000 phase=length sample=13 wall_ms=0.922 cpu_ms=0.924 gc_cpu_ms=0.259 gc_wall_ms=0.258 scheme_bytes=107632 minor_faults=0 voluntary_switches=0 involuntary_switches=0 thread_cpu_ms=0.923 wall_minus_thread_cpu_ms=-0.001
UTF8-COST jobs=10000 phase=allocation sample=13 wall_ms=0.268 cpu_ms=0.270 gc_cpu_ms=0.000 gc_wall_ms=0.000 scheme_bytes=56 minor_faults=0 voluntary_switches=0 involuntary_switches=0 thread_cpu_ms=0.269 wall_minus_thread_cpu_ms=-0.001
UTF8-COST jobs=10000 phase=encoding sample=13 wall_ms=135.828 cpu_ms=67.249 gc_cpu_ms=1.724 gc_wall_ms=3.896 scheme_bytes=6686416 minor_faults=0 voluntary_switches=0 involuntary_switches=430 thread_cpu_ms=67.247 wall_minus_thread_cpu_ms=68.582
UTF8-COST jobs=10000 phase=validation sample=13 wall_ms=30.295 cpu_ms=10.649 gc_cpu_ms=0.000 gc_wall_ms=0.000 scheme_bytes=56 minor_faults=0 voluntary_switches=2 involuntary_switches=67 thread_cpu_ms=10.642 wall_minus_thread_cpu_ms=19.652
UTF8-COST jobs=10000 phase=dispatch sample=14 wall_ms=10.320 cpu_ms=4.395 gc_cpu_ms=1.055 gc_wall_ms=1.570 scheme_bytes=7032144 minor_faults=0 voluntary_switches=0 involuntary_switches=48 thread_cpu_ms=4.393 wall_minus_thread_cpu_ms=5.927
UTF8-COST jobs=10000 phase=owned sample=14 wall_ms=499.570 cpu_ms=75.957 gc_cpu_ms=1.869 gc_wall_ms=2.503 scheme_bytes=7104792 minor_faults=0 voluntary_switches=2 involuntary_switches=463 thread_cpu_ms=75.954 wall_minus_thread_cpu_ms=423.615
UTF8-COST jobs=10000 phase=length sample=14 wall_ms=3.879 cpu_ms=1.073 gc_cpu_ms=0.000 gc_wall_ms=0.000 scheme_bytes=560056 minor_faults=0 voluntary_switches=0 involuntary_switches=3 thread_cpu_ms=1.071 wall_minus_thread_cpu_ms=2.808
UTF8-COST jobs=10000 phase=allocation sample=14 wall_ms=0.268 cpu_ms=0.270 gc_cpu_ms=0.000 gc_wall_ms=0.000 scheme_bytes=56 minor_faults=0 voluntary_switches=0 involuntary_switches=0 thread_cpu_ms=0.269 wall_minus_thread_cpu_ms=-0.000
UTF8-COST jobs=10000 phase=encoding sample=14 wall_ms=156.099 cpu_ms=58.069 gc_cpu_ms=1.475 gc_wall_ms=3.195 scheme_bytes=6497256 minor_faults=0 voluntary_switches=1 involuntary_switches=451 thread_cpu_ms=58.067 wall_minus_thread_cpu_ms=98.032
UTF8-COST jobs=10000 phase=validation sample=14 wall_ms=29.554 cpu_ms=10.696 gc_cpu_ms=0.000 gc_wall_ms=0.000 scheme_bytes=56 minor_faults=0 voluntary_switches=0 involuntary_switches=145 thread_cpu_ms=10.689 wall_minus_thread_cpu_ms=18.865
UTF8-COST jobs=10000 phase=entry sample=14 wall_ms=5.434 cpu_ms=1.808 gc_cpu_ms=0.713 gc_wall_ms=1.893 scheme_bytes=7072928 minor_faults=0 voluntary_switches=0 involuntary_switches=28 thread_cpu_ms=1.805 wall_minus_thread_cpu_ms=3.629
UTF8-COST jobs=10000 phase=owned sample=15 wall_ms=613.617 cpu_ms=80.588 gc_cpu_ms=2.379 gc_wall_ms=53.818 scheme_bytes=6973272 minor_faults=0 voluntary_switches=5 involuntary_switches=543 thread_cpu_ms=80.585 wall_minus_thread_cpu_ms=533.032
UTF8-COST jobs=10000 phase=length sample=15 wall_ms=47.279 cpu_ms=0.832 gc_cpu_ms=0.000 gc_wall_ms=0.000 scheme_bytes=560056 minor_faults=0 voluntary_switches=0 involuntary_switches=8 thread_cpu_ms=0.828 wall_minus_thread_cpu_ms=46.450
UTF8-COST jobs=10000 phase=allocation sample=15 wall_ms=1.452 cpu_ms=0.454 gc_cpu_ms=0.000 gc_wall_ms=0.000 scheme_bytes=56 minor_faults=0 voluntary_switches=0 involuntary_switches=1 thread_cpu_ms=0.449 wall_minus_thread_cpu_ms=1.002
UTF8-COST jobs=10000 phase=encoding sample=15 wall_ms=901.729 cpu_ms=60.640 gc_cpu_ms=2.021 gc_wall_ms=20.375 scheme_bytes=6505480 minor_faults=0 voluntary_switches=3 involuntary_switches=228 thread_cpu_ms=60.637 wall_minus_thread_cpu_ms=841.092
UTF8-COST jobs=10000 phase=validation sample=15 wall_ms=198.001 cpu_ms=11.618 gc_cpu_ms=0.000 gc_wall_ms=0.000 scheme_bytes=56 minor_faults=0 voluntary_switches=0 involuntary_switches=64 thread_cpu_ms=11.608 wall_minus_thread_cpu_ms=186.394
UTF8-COST jobs=10000 phase=entry sample=15 wall_ms=47.918 cpu_ms=2.996 gc_cpu_ms=1.283 gc_wall_ms=28.435 scheme_bytes=7089552 minor_faults=0 voluntary_switches=1 involuntary_switches=33 thread_cpu_ms=2.992 wall_minus_thread_cpu_ms=44.926
UTF8-COST jobs=10000 phase=dispatch sample=15 wall_ms=5.335 cpu_ms=4.469 gc_cpu_ms=1.114 gc_wall_ms=1.350 scheme_bytes=7106744 minor_faults=0 voluntary_switches=0 involuntary_switches=13 thread_cpu_ms=4.466 wall_minus_thread_cpu_ms=0.869
UTF8-COST jobs=10000 phase=length sample=16 wall_ms=1.184 cpu_ms=1.032 gc_cpu_ms=0.000 gc_wall_ms=0.000 scheme_bytes=560056 minor_faults=0 voluntary_switches=0 involuntary_switches=3 thread_cpu_ms=1.028 wall_minus_thread_cpu_ms=0.157
UTF8-COST jobs=10000 phase=allocation sample=16 wall_ms=0.906 cpu_ms=0.414 gc_cpu_ms=0.000 gc_wall_ms=0.000 scheme_bytes=56 minor_faults=0 voluntary_switches=0 involuntary_switches=10 thread_cpu_ms=0.412 wall_minus_thread_cpu_ms=0.494
UTF8-COST jobs=10000 phase=encoding sample=16 wall_ms=454.931 cpu_ms=66.502 gc_cpu_ms=2.164 gc_wall_ms=5.114 scheme_bytes=6513592 minor_faults=0 voluntary_switches=1 involuntary_switches=382 thread_cpu_ms=66.498 wall_minus_thread_cpu_ms=388.434
UTF8-COST jobs=10000 phase=validation sample=16 wall_ms=503.580 cpu_ms=11.992 gc_cpu_ms=0.000 gc_wall_ms=0.000 scheme_bytes=56 minor_faults=0 voluntary_switches=0 involuntary_switches=42 thread_cpu_ms=11.984 wall_minus_thread_cpu_ms=491.597
UTF8-COST jobs=10000 phase=entry sample=16 wall_ms=1.737 cpu_ms=1.739 gc_cpu_ms=0.730 gc_wall_ms=0.731 scheme_bytes=6932800 minor_faults=0 voluntary_switches=0 involuntary_switches=0 thread_cpu_ms=1.738 wall_minus_thread_cpu_ms=-0.001
UTF8-COST jobs=10000 phase=dispatch sample=16 wall_ms=85.651 cpu_ms=3.744 gc_cpu_ms=0.814 gc_wall_ms=0.813 scheme_bytes=7057016 minor_faults=0 voluntary_switches=1 involuntary_switches=4 thread_cpu_ms=3.741 wall_minus_thread_cpu_ms=81.910
UTF8-COST jobs=10000 phase=owned sample=16 wall_ms=666.268 cpu_ms=77.270 gc_cpu_ms=2.054 gc_wall_ms=8.010 scheme_bytes=7121128 minor_faults=0 voluntary_switches=2 involuntary_switches=662 thread_cpu_ms=77.267 wall_minus_thread_cpu_ms=589.002
UTF8-COST jobs=10000 phase=allocation sample=17 wall_ms=0.268 cpu_ms=0.270 gc_cpu_ms=0.000 gc_wall_ms=0.000 scheme_bytes=56 minor_faults=0 voluntary_switches=0 involuntary_switches=0 thread_cpu_ms=0.268 wall_minus_thread_cpu_ms=-0.001
UTF8-COST jobs=10000 phase=encoding sample=17 wall_ms=814.178 cpu_ms=60.948 gc_cpu_ms=1.640 gc_wall_ms=10.068 scheme_bytes=7007744 minor_faults=0 voluntary_switches=3 involuntary_switches=338 thread_cpu_ms=60.945 wall_minus_thread_cpu_ms=753.233
UTF8-COST jobs=10000 phase=validation sample=17 wall_ms=48.596 cpu_ms=11.060 gc_cpu_ms=0.000 gc_wall_ms=0.000 scheme_bytes=56 minor_faults=0 voluntary_switches=1 involuntary_switches=190 thread_cpu_ms=11.052 wall_minus_thread_cpu_ms=37.544
UTF8-COST jobs=10000 phase=entry sample=17 wall_ms=2.185 cpu_ms=1.976 gc_cpu_ms=0.682 gc_wall_ms=0.794 scheme_bytes=7081216 minor_faults=0 voluntary_switches=0 involuntary_switches=7 thread_cpu_ms=1.975 wall_minus_thread_cpu_ms=0.210
UTF8-COST jobs=10000 phase=dispatch sample=17 wall_ms=8.203 cpu_ms=5.722 gc_cpu_ms=1.341 gc_wall_ms=2.517 scheme_bytes=7123272 minor_faults=0 voluntary_switches=0 involuntary_switches=42 thread_cpu_ms=5.719 wall_minus_thread_cpu_ms=2.483
UTF8-COST jobs=10000 phase=owned sample=17 wall_ms=838.134 cpu_ms=72.417 gc_cpu_ms=1.469 gc_wall_ms=55.600 scheme_bytes=7161712 minor_faults=0 voluntary_switches=2 involuntary_switches=648 thread_cpu_ms=72.414 wall_minus_thread_cpu_ms=765.720
UTF8-COST jobs=10000 phase=length sample=17 wall_ms=1.112 cpu_ms=0.939 gc_cpu_ms=0.253 gc_wall_ms=0.253 scheme_bytes=107584 minor_faults=0 voluntary_switches=0 involuntary_switches=2 thread_cpu_ms=0.937 wall_minus_thread_cpu_ms=0.175
UTF8-COST jobs=10000 phase=encoding sample=18 wall_ms=779.329 cpu_ms=64.638 gc_cpu_ms=1.752 gc_wall_ms=6.764 scheme_bytes=6711288 minor_faults=0 voluntary_switches=4 involuntary_switches=259 thread_cpu_ms=64.635 wall_minus_thread_cpu_ms=714.693
UTF8-COST jobs=10000 phase=validation sample=18 wall_ms=9.621 cpu_ms=9.615 gc_cpu_ms=0.000 gc_wall_ms=0.000 scheme_bytes=56 minor_faults=0 voluntary_switches=1 involuntary_switches=1 thread_cpu_ms=9.613 wall_minus_thread_cpu_ms=0.009
UTF8-COST jobs=10000 phase=entry sample=18 wall_ms=1.624 cpu_ms=1.627 gc_cpu_ms=0.627 gc_wall_ms=0.625 scheme_bytes=7097784 minor_faults=0 voluntary_switches=0 involuntary_switches=0 thread_cpu_ms=1.625 wall_minus_thread_cpu_ms=-0.001
UTF8-COST jobs=10000 phase=dispatch sample=18 wall_ms=4.174 cpu_ms=4.162 gc_cpu_ms=0.937 gc_wall_ms=0.934 scheme_bytes=7106680 minor_faults=0 voluntary_switches=0 involuntary_switches=1 thread_cpu_ms=4.159 wall_minus_thread_cpu_ms=0.015
UTF8-COST jobs=10000 phase=owned sample=18 wall_ms=119.711 cpu_ms=83.773 gc_cpu_ms=2.140 gc_wall_ms=2.793 scheme_bytes=7145400 minor_faults=0 voluntary_switches=1 involuntary_switches=155 thread_cpu_ms=83.769 wall_minus_thread_cpu_ms=35.942
UTF8-COST jobs=10000 phase=length sample=18 wall_ms=3.160 cpu_ms=0.840 gc_cpu_ms=0.000 gc_wall_ms=0.000 scheme_bytes=560056 minor_faults=0 voluntary_switches=0 involuntary_switches=19 thread_cpu_ms=0.837 wall_minus_thread_cpu_ms=2.323
UTF8-COST jobs=10000 phase=allocation sample=18 wall_ms=0.747 cpu_ms=0.734 gc_cpu_ms=0.000 gc_wall_ms=0.000 scheme_bytes=56 minor_faults=0 voluntary_switches=0 involuntary_switches=1 thread_cpu_ms=0.730 wall_minus_thread_cpu_ms=0.017
UTF8-COST jobs=10000 phase=validation sample=19 wall_ms=30.957 cpu_ms=16.445 gc_cpu_ms=0.000 gc_wall_ms=0.000 scheme_bytes=56 minor_faults=0 voluntary_switches=1 involuntary_switches=63 thread_cpu_ms=16.438 wall_minus_thread_cpu_ms=14.519
UTF8-COST jobs=10000 phase=entry sample=19 wall_ms=1.898 cpu_ms=1.900 gc_cpu_ms=0.894 gc_wall_ms=0.892 scheme_bytes=6316112 minor_faults=0 voluntary_switches=0 involuntary_switches=0 thread_cpu_ms=1.899 wall_minus_thread_cpu_ms=-0.001
UTF8-COST jobs=10000 phase=dispatch sample=19 wall_ms=114.594 cpu_ms=6.203 gc_cpu_ms=1.709 gc_wall_ms=27.863 scheme_bytes=7081872 minor_faults=0 voluntary_switches=0 involuntary_switches=72 thread_cpu_ms=6.201 wall_minus_thread_cpu_ms=108.393
UTF8-COST jobs=10000 phase=owned sample=19 wall_ms=269.199 cpu_ms=77.832 gc_cpu_ms=1.857 gc_wall_ms=1.919 scheme_bytes=7129056 minor_faults=0 voluntary_switches=1 involuntary_switches=310 thread_cpu_ms=77.827 wall_minus_thread_cpu_ms=191.371
UTF8-COST jobs=10000 phase=length sample=19 wall_ms=1.805 cpu_ms=1.265 gc_cpu_ms=0.000 gc_wall_ms=0.000 scheme_bytes=560056 minor_faults=0 voluntary_switches=0 involuntary_switches=2 thread_cpu_ms=1.261 wall_minus_thread_cpu_ms=0.545
UTF8-COST jobs=10000 phase=allocation sample=19 wall_ms=0.918 cpu_ms=0.284 gc_cpu_ms=0.000 gc_wall_ms=0.000 scheme_bytes=56 minor_faults=0 voluntary_switches=0 involuntary_switches=1 thread_cpu_ms=0.280 wall_minus_thread_cpu_ms=0.638
UTF8-COST jobs=10000 phase=encoding sample=19 wall_ms=174.138 cpu_ms=60.167 gc_cpu_ms=1.713 gc_wall_ms=2.403 scheme_bytes=6464832 minor_faults=0 voluntary_switches=1 involuntary_switches=280 thread_cpu_ms=60.165 wall_minus_thread_cpu_ms=113.973
UTF8-COST jobs=10000 phase=entry sample=20 wall_ms=5.183 cpu_ms=2.900 gc_cpu_ms=1.241 gc_wall_ms=2.896 scheme_bytes=6941032 minor_faults=0 voluntary_switches=0 involuntary_switches=14 thread_cpu_ms=2.898 wall_minus_thread_cpu_ms=2.285
UTF8-COST jobs=10000 phase=dispatch sample=20 wall_ms=9.972 cpu_ms=4.624 gc_cpu_ms=1.158 gc_wall_ms=1.375 scheme_bytes=7048776 minor_faults=0 voluntary_switches=0 involuntary_switches=7 thread_cpu_ms=4.621 wall_minus_thread_cpu_ms=5.351
UTF8-COST jobs=10000 phase=owned sample=20 wall_ms=704.385 cpu_ms=76.977 gc_cpu_ms=1.842 gc_wall_ms=2.923 scheme_bytes=7112992 minor_faults=0 voluntary_switches=2 involuntary_switches=334 thread_cpu_ms=76.972 wall_minus_thread_cpu_ms=627.413
UTF8-COST jobs=10000 phase=length sample=20 wall_ms=0.652 cpu_ms=0.653 gc_cpu_ms=0.000 gc_wall_ms=0.000 scheme_bytes=560056 minor_faults=0 voluntary_switches=0 involuntary_switches=0 thread_cpu_ms=0.652 wall_minus_thread_cpu_ms=-0.001
UTF8-COST jobs=10000 phase=allocation sample=20 wall_ms=0.270 cpu_ms=0.271 gc_cpu_ms=0.000 gc_wall_ms=0.000 scheme_bytes=56 minor_faults=0 voluntary_switches=0 involuntary_switches=0 thread_cpu_ms=0.270 wall_minus_thread_cpu_ms=-0.001
UTF8-COST jobs=10000 phase=encoding sample=20 wall_ms=1229.629 cpu_ms=62.409 gc_cpu_ms=1.548 gc_wall_ms=90.450 scheme_bytes=6489272 minor_faults=0 voluntary_switches=2 involuntary_switches=246 thread_cpu_ms=62.406 wall_minus_thread_cpu_ms=1167.223
UTF8-COST jobs=10000 phase=validation sample=20 wall_ms=46.357 cpu_ms=12.479 gc_cpu_ms=0.000 gc_wall_ms=0.000 scheme_bytes=56 minor_faults=0 voluntary_switches=1 involuntary_switches=58 thread_cpu_ms=12.469 wall_minus_thread_cpu_ms=33.888
UTF8-COST-SUMMARY jobs=10000 phase=owned samples=20 wall_ms=480.368 cpu_ms=74.832 gc_cpu_ms=1.802 gc_wall_ms=2.858 scheme_bytes=7129136 minor_faults=0 voluntary_switches=2 involuntary_switches=452 thread_cpu_ms=74.829
UTF8-COST-SUMMARY jobs=10000 phase=length samples=20 wall_ms=1.148 cpu_ms=0.836 gc_cpu_ms=0.000 gc_wall_ms=0.000 scheme_bytes=560056 minor_faults=0 voluntary_switches=0 involuntary_switches=2 thread_cpu_ms=0.833
UTF8-COST-SUMMARY jobs=10000 phase=allocation samples=20 wall_ms=0.408 cpu_ms=0.289 gc_cpu_ms=0.000 gc_wall_ms=0.000 scheme_bytes=56 minor_faults=0 voluntary_switches=0 involuntary_switches=1 thread_cpu_ms=0.283
UTF8-COST-SUMMARY jobs=10000 phase=encoding samples=20 wall_ms=326.157 cpu_ms=60.794 gc_cpu_ms=1.623 gc_wall_ms=3.109 scheme_bytes=6509536 minor_faults=0 voluntary_switches=2 involuntary_switches=336 thread_cpu_ms=60.791
UTF8-COST-SUMMARY jobs=10000 phase=validation samples=20 wall_ms=30.181 cpu_ms=11.208 gc_cpu_ms=0.000 gc_wall_ms=0.000 scheme_bytes=56 minor_faults=0 voluntary_switches=0 involuntary_switches=60 thread_cpu_ms=11.201
UTF8-COST-SUMMARY jobs=10000 phase=entry samples=20 wall_ms=5.066 cpu_ms=2.120 gc_cpu_ms=0.896 gc_wall_ms=1.422 scheme_bytes=7002876 minor_faults=0 voluntary_switches=0 involuntary_switches=10 thread_cpu_ms=2.119
UTF8-COST-SUMMARY jobs=10000 phase=dispatch samples=20 wall_ms=9.985 cpu_ms=4.620 gc_cpu_ms=1.125 gc_wall_ms=1.541 scheme_bytes=7098428 minor_faults=0 voluntary_switches=0 involuntary_switches=20 thread_cpu_ms=4.618
UTF8-COST jobs=100000 phase=owned sample=1 wall_ms=6405.402 cpu_ms=743.728 gc_cpu_ms=19.047 gc_wall_ms=175.018 scheme_bytes=70488536 minor_faults=0 voluntary_switches=19 involuntary_switches=4436 thread_cpu_ms=743.723 wall_minus_thread_cpu_ms=5661.679
UTF8-COST jobs=100000 phase=length sample=1 wall_ms=40.973 cpu_ms=11.113 gc_cpu_ms=2.340 gc_wall_ms=5.626 scheme_bytes=1080680 minor_faults=70 voluntary_switches=0 involuntary_switches=75 thread_cpu_ms=11.105 wall_minus_thread_cpu_ms=29.867
UTF8-COST jobs=100000 phase=allocation sample=1 wall_ms=16.860 cpu_ms=4.073 gc_cpu_ms=0.000 gc_wall_ms=0.000 scheme_bytes=56 minor_faults=0 voluntary_switches=0 involuntary_switches=56 thread_cpu_ms=4.063 wall_minus_thread_cpu_ms=12.797
UTF8-COST jobs=100000 phase=encoding sample=1 wall_ms=3860.415 cpu_ms=603.999 gc_cpu_ms=15.441 gc_wall_ms=53.065 scheme_bytes=69391328 minor_faults=0 voluntary_switches=22 involuntary_switches=3072 thread_cpu_ms=603.995 wall_minus_thread_cpu_ms=3256.420
UTF8-COST jobs=100000 phase=validation sample=1 wall_ms=1501.225 cpu_ms=131.523 gc_cpu_ms=0.000 gc_wall_ms=0.000 scheme_bytes=56 minor_faults=0 voluntary_switches=7 involuntary_switches=749 thread_cpu_ms=131.514 wall_minus_thread_cpu_ms=1369.712
UTF8-COST jobs=100000 phase=entry sample=1 wall_ms=378.835 cpu_ms=21.068 gc_cpu_ms=8.361 gc_wall_ms=232.986 scheme_bytes=70542024 minor_faults=0 voluntary_switches=0 involuntary_switches=79 thread_cpu_ms=21.065 wall_minus_thread_cpu_ms=357.770
UTF8-COST jobs=100000 phase=dispatch sample=1 wall_ms=940.505 cpu_ms=51.376 gc_cpu_ms=13.311 gc_wall_ms=372.451 scheme_bytes=70609944 minor_faults=0 voluntary_switches=0 involuntary_switches=360 thread_cpu_ms=51.373 wall_minus_thread_cpu_ms=889.133
UTF8-COST jobs=100000 phase=length sample=2 wall_ms=78.186 cpu_ms=10.265 gc_cpu_ms=2.416 gc_wall_ms=20.312 scheme_bytes=1079992 minor_faults=0 voluntary_switches=0 involuntary_switches=31 thread_cpu_ms=10.261 wall_minus_thread_cpu_ms=67.925
UTF8-COST jobs=100000 phase=allocation sample=2 wall_ms=61.697 cpu_ms=3.639 gc_cpu_ms=0.000 gc_wall_ms=0.000 scheme_bytes=56 minor_faults=0 voluntary_switches=0 involuntary_switches=14 thread_cpu_ms=3.629 wall_minus_thread_cpu_ms=58.068
UTF8-COST jobs=100000 phase=encoding sample=2 wall_ms=5597.230 cpu_ms=639.730 gc_cpu_ms=17.653 gc_wall_ms=154.687 scheme_bytes=69358400 minor_faults=0 voluntary_switches=19 involuntary_switches=3840 thread_cpu_ms=639.727 wall_minus_thread_cpu_ms=4957.503
UTF8-COST jobs=100000 phase=validation sample=2 wall_ms=523.099 cpu_ms=125.433 gc_cpu_ms=0.000 gc_wall_ms=0.000 scheme_bytes=56 minor_faults=0 voluntary_switches=6 involuntary_switches=924 thread_cpu_ms=125.425 wall_minus_thread_cpu_ms=397.674
UTF8-COST jobs=100000 phase=entry sample=2 wall_ms=218.712 cpu_ms=18.818 gc_cpu_ms=7.437 gc_wall_ms=189.600 scheme_bytes=70542024 minor_faults=0 voluntary_switches=1 involuntary_switches=55 thread_cpu_ms=18.814 wall_minus_thread_cpu_ms=199.898
UTF8-COST jobs=100000 phase=dispatch sample=2 wall_ms=255.129 cpu_ms=53.541 gc_cpu_ms=13.576 gc_wall_ms=53.683 scheme_bytes=70609944 minor_faults=0 voluntary_switches=1 involuntary_switches=317 thread_cpu_ms=53.537 wall_minus_thread_cpu_ms=201.592
UTF8-COST jobs=100000 phase=owned sample=2 wall_ms=5710.012 cpu_ms=724.473 gc_cpu_ms=17.285 gc_wall_ms=217.280 scheme_bytes=70512792 minor_faults=0 voluntary_switches=32 involuntary_switches=4221 thread_cpu_ms=724.469 wall_minus_thread_cpu_ms=4985.543
UTF8-COST jobs=100000 phase=allocation sample=3 wall_ms=27.332 cpu_ms=4.490 gc_cpu_ms=0.000 gc_wall_ms=0.000 scheme_bytes=56 minor_faults=0 voluntary_switches=1 involuntary_switches=21 thread_cpu_ms=4.482 wall_minus_thread_cpu_ms=22.851
UTF8-COST jobs=100000 phase=encoding sample=3 wall_ms=4879.560 cpu_ms=629.923 gc_cpu_ms=17.446 gc_wall_ms=190.782 scheme_bytes=70470424 minor_faults=0 voluntary_switches=18 involuntary_switches=3260 thread_cpu_ms=629.921 wall_minus_thread_cpu_ms=4249.639
UTF8-COST jobs=100000 phase=validation sample=3 wall_ms=470.925 cpu_ms=124.434 gc_cpu_ms=0.000 gc_wall_ms=0.000 scheme_bytes=56 minor_faults=0 voluntary_switches=4 involuntary_switches=684 thread_cpu_ms=124.426 wall_minus_thread_cpu_ms=346.500
UTF8-COST jobs=100000 phase=entry sample=3 wall_ms=59.043 cpu_ms=24.446 gc_cpu_ms=9.624 gc_wall_ms=23.206 scheme_bytes=70368776 minor_faults=0 voluntary_switches=2 involuntary_switches=58 thread_cpu_ms=24.443 wall_minus_thread_cpu_ms=34.600
UTF8-COST jobs=100000 phase=dispatch sample=3 wall_ms=461.221 cpu_ms=48.129 gc_cpu_ms=10.767 gc_wall_ms=225.120 scheme_bytes=70576808 minor_faults=0 voluntary_switches=3 involuntary_switches=110 thread_cpu_ms=48.128 wall_minus_thread_cpu_ms=413.093
UTF8-COST jobs=100000 phase=owned sample=3 wall_ms=3942.146 cpu_ms=726.164 gc_cpu_ms=17.042 gc_wall_ms=62.519 scheme_bytes=70488504 minor_faults=0 voluntary_switches=29 involuntary_switches=4557 thread_cpu_ms=726.161 wall_minus_thread_cpu_ms=3215.985
UTF8-COST jobs=100000 phase=length sample=3 wall_ms=17.359 cpu_ms=9.958 gc_cpu_ms=2.079 gc_wall_ms=2.748 scheme_bytes=1080672 minor_faults=0 voluntary_switches=0 involuntary_switches=43 thread_cpu_ms=9.950 wall_minus_thread_cpu_ms=7.409
UTF8-COST jobs=100000 phase=encoding sample=4 wall_ms=3550.512 cpu_ms=614.951 gc_cpu_ms=15.333 gc_wall_ms=112.066 scheme_bytes=69383088 minor_faults=0 voluntary_switches=15 involuntary_switches=4436 thread_cpu_ms=614.946 wall_minus_thread_cpu_ms=2935.565
UTF8-COST jobs=100000 phase=validation sample=4 wall_ms=407.359 cpu_ms=115.835 gc_cpu_ms=0.000 gc_wall_ms=0.000 scheme_bytes=56 minor_faults=0 voluntary_switches=4 involuntary_switches=460 thread_cpu_ms=115.827 wall_minus_thread_cpu_ms=291.532
UTF8-COST jobs=100000 phase=entry sample=4 wall_ms=31.208 cpu_ms=18.782 gc_cpu_ms=7.327 gc_wall_ms=10.450 scheme_bytes=70542040 minor_faults=0 voluntary_switches=2 involuntary_switches=55 thread_cpu_ms=18.776 wall_minus_thread_cpu_ms=12.432
UTF8-COST jobs=100000 phase=dispatch sample=4 wall_ms=513.277 cpu_ms=48.297 gc_cpu_ms=11.487 gc_wall_ms=81.741 scheme_bytes=70609928 minor_faults=0 voluntary_switches=1 involuntary_switches=174 thread_cpu_ms=48.295 wall_minus_thread_cpu_ms=464.981
UTF8-COST jobs=100000 phase=owned sample=4 wall_ms=6828.823 cpu_ms=783.924 gc_cpu_ms=18.285 gc_wall_ms=116.271 scheme_bytes=70512792 minor_faults=0 voluntary_switches=15 involuntary_switches=4789 thread_cpu_ms=783.922 wall_minus_thread_cpu_ms=6044.902
UTF8-COST jobs=100000 phase=length sample=4 wall_ms=43.800 cpu_ms=9.798 gc_cpu_ms=2.349 gc_wall_ms=11.035 scheme_bytes=1080824 minor_faults=0 voluntary_switches=1 involuntary_switches=39 thread_cpu_ms=9.795 wall_minus_thread_cpu_ms=34.005
UTF8-COST jobs=100000 phase=allocation sample=4 wall_ms=2.679 cpu_ms=2.680 gc_cpu_ms=0.000 gc_wall_ms=0.000 scheme_bytes=56 minor_faults=0 voluntary_switches=0 involuntary_switches=0 thread_cpu_ms=2.680 wall_minus_thread_cpu_ms=-0.001
UTF8-COST jobs=100000 phase=validation sample=5 wall_ms=300.793 cpu_ms=122.335 gc_cpu_ms=0.000 gc_wall_ms=0.000 scheme_bytes=56 minor_faults=0 voluntary_switches=9 involuntary_switches=315 thread_cpu_ms=122.327 wall_minus_thread_cpu_ms=178.466
UTF8-COST jobs=100000 phase=entry sample=5 wall_ms=38.167 cpu_ms=18.066 gc_cpu_ms=7.167 gc_wall_ms=15.775 scheme_bytes=69290904 minor_faults=0 voluntary_switches=1 involuntary_switches=48 thread_cpu_ms=18.063 wall_minus_thread_cpu_ms=20.104
UTF8-COST jobs=100000 phase=dispatch sample=5 wall_ms=106.634 cpu_ms=43.168 gc_cpu_ms=9.923 gc_wall_ms=24.538 scheme_bytes=70609936 minor_faults=0 voluntary_switches=1 involuntary_switches=170 thread_cpu_ms=43.166 wall_minus_thread_cpu_ms=63.468
UTF8-COST jobs=100000 phase=owned sample=5 wall_ms=4957.398 cpu_ms=753.215 gc_cpu_ms=18.636 gc_wall_ms=226.410 scheme_bytes=70512760 minor_faults=0 voluntary_switches=17 involuntary_switches=4752 thread_cpu_ms=753.212 wall_minus_thread_cpu_ms=4204.186
UTF8-COST jobs=100000 phase=length sample=5 wall_ms=19.951 cpu_ms=10.812 gc_cpu_ms=1.533 gc_wall_ms=2.507 scheme_bytes=1080864 minor_faults=0 voluntary_switches=1 involuntary_switches=52 thread_cpu_ms=10.808 wall_minus_thread_cpu_ms=9.143
UTF8-COST jobs=100000 phase=allocation sample=5 wall_ms=6.843 cpu_ms=2.876 gc_cpu_ms=0.000 gc_wall_ms=0.000 scheme_bytes=56 minor_faults=0 voluntary_switches=0 involuntary_switches=50 thread_cpu_ms=2.873 wall_minus_thread_cpu_ms=3.970
UTF8-COST jobs=100000 phase=encoding sample=5 wall_ms=2950.771 cpu_ms=615.520 gc_cpu_ms=16.113 gc_wall_ms=24.552 scheme_bytes=69284304 minor_faults=0 voluntary_switches=17 involuntary_switches=3426 thread_cpu_ms=615.517 wall_minus_thread_cpu_ms=2335.254
UTF8-COST jobs=100000 phase=entry sample=6 wall_ms=28.574 cpu_ms=17.524 gc_cpu_ms=6.157 gc_wall_ms=6.161 scheme_bytes=70542048 minor_faults=0 voluntary_switches=0 involuntary_switches=12 thread_cpu_ms=17.523 wall_minus_thread_cpu_ms=11.052
UTF8-COST jobs=100000 phase=dispatch sample=6 wall_ms=62.626 cpu_ms=39.623 gc_cpu_ms=8.868 gc_wall_ms=13.443 scheme_bytes=70609928 minor_faults=0 voluntary_switches=3 involuntary_switches=138 thread_cpu_ms=39.622 wall_minus_thread_cpu_ms=23.003
UTF8-COST jobs=100000 phase=owned sample=6 wall_ms=2271.037 cpu_ms=676.476 gc_cpu_ms=16.069 gc_wall_ms=21.939 scheme_bytes=70512792 minor_faults=0 voluntary_switches=27 involuntary_switches=2672 thread_cpu_ms=676.473 wall_minus_thread_cpu_ms=1594.563
UTF8-COST jobs=100000 phase=length sample=6 wall_ms=8.757 cpu_ms=7.919 gc_cpu_ms=1.395 gc_wall_ms=2.236 scheme_bytes=1080824 minor_faults=0 voluntary_switches=0 involuntary_switches=2 thread_cpu_ms=7.917 wall_minus_thread_cpu_ms=0.840
UTF8-COST jobs=100000 phase=allocation sample=6 wall_ms=10.666 cpu_ms=2.826 gc_cpu_ms=0.000 gc_wall_ms=0.000 scheme_bytes=56 minor_faults=0 voluntary_switches=1 involuntary_switches=25 thread_cpu_ms=2.819 wall_minus_thread_cpu_ms=7.846
UTF8-COST jobs=100000 phase=encoding sample=6 wall_ms=3372.335 cpu_ms=634.680 gc_cpu_ms=15.980 gc_wall_ms=106.200 scheme_bytes=69276032 minor_faults=0 voluntary_switches=16 involuntary_switches=3891 thread_cpu_ms=634.678 wall_minus_thread_cpu_ms=2737.657
UTF8-COST jobs=100000 phase=validation sample=6 wall_ms=789.825 cpu_ms=114.287 gc_cpu_ms=0.000 gc_wall_ms=0.000 scheme_bytes=56 minor_faults=0 voluntary_switches=6 involuntary_switches=527 thread_cpu_ms=114.281 wall_minus_thread_cpu_ms=675.544
UTF8-COST jobs=100000 phase=dispatch sample=7 wall_ms=394.143 cpu_ms=43.756 gc_cpu_ms=10.196 gc_wall_ms=110.398 scheme_bytes=70535376 minor_faults=0 voluntary_switches=1 involuntary_switches=213 thread_cpu_ms=43.754 wall_minus_thread_cpu_ms=350.389
UTF8-COST jobs=100000 phase=owned sample=7 wall_ms=3416.023 cpu_ms=735.007 gc_cpu_ms=15.507 gc_wall_ms=29.119 scheme_bytes=70488576 minor_faults=0 voluntary_switches=31 involuntary_switches=4067 thread_cpu_ms=735.003 wall_minus_thread_cpu_ms=2681.020
UTF8-COST jobs=100000 phase=length sample=7 wall_ms=21.643 cpu_ms=11.145 gc_cpu_ms=2.041 gc_wall_ms=2.465 scheme_bytes=1080640 minor_faults=0 voluntary_switches=1 involuntary_switches=70 thread_cpu_ms=11.142 wall_minus_thread_cpu_ms=10.501
UTF8-COST jobs=100000 phase=allocation sample=7 wall_ms=3.066 cpu_ms=2.746 gc_cpu_ms=0.000 gc_wall_ms=0.000 scheme_bytes=56 minor_faults=0 voluntary_switches=0 involuntary_switches=11 thread_cpu_ms=2.744 wall_minus_thread_cpu_ms=0.321
UTF8-COST jobs=100000 phase=encoding sample=7 wall_ms=2950.767 cpu_ms=621.144 gc_cpu_ms=15.125 gc_wall_ms=39.855 scheme_bytes=69399552 minor_faults=0 voluntary_switches=29 involuntary_switches=3282 thread_cpu_ms=621.141 wall_minus_thread_cpu_ms=2329.626
UTF8-COST jobs=100000 phase=validation sample=7 wall_ms=653.386 cpu_ms=120.947 gc_cpu_ms=0.000 gc_wall_ms=0.000 scheme_bytes=56 minor_faults=0 voluntary_switches=3 involuntary_switches=445 thread_cpu_ms=120.939 wall_minus_thread_cpu_ms=532.447
UTF8-COST jobs=100000 phase=entry sample=7 wall_ms=25.393 cpu_ms=19.621 gc_cpu_ms=7.394 gc_wall_ms=11.028 scheme_bytes=70542024 minor_faults=0 voluntary_switches=0 involuntary_switches=60 thread_cpu_ms=19.619 wall_minus_thread_cpu_ms=5.774
UTF8-COST jobs=100000 phase=owned sample=8 wall_ms=4510.598 cpu_ms=713.975 gc_cpu_ms=17.016 gc_wall_ms=128.269 scheme_bytes=70587448 minor_faults=0 voluntary_switches=42 involuntary_switches=3847 thread_cpu_ms=713.972 wall_minus_thread_cpu_ms=3796.627
UTF8-COST jobs=100000 phase=length sample=8 wall_ms=20.676 cpu_ms=11.904 gc_cpu_ms=2.370 gc_wall_ms=4.364 scheme_bytes=1080800 minor_faults=0 voluntary_switches=0 involuntary_switches=83 thread_cpu_ms=11.901 wall_minus_thread_cpu_ms=8.776
UTF8-COST jobs=100000 phase=allocation sample=8 wall_ms=15.983 cpu_ms=3.721 gc_cpu_ms=0.000 gc_wall_ms=0.000 scheme_bytes=56 minor_faults=0 voluntary_switches=0 involuntary_switches=34 thread_cpu_ms=3.715 wall_minus_thread_cpu_ms=12.268
UTF8-COST jobs=100000 phase=encoding sample=8 wall_ms=2561.000 cpu_ms=595.235 gc_cpu_ms=14.353 gc_wall_ms=36.912 scheme_bytes=69300744 minor_faults=0 voluntary_switches=19 involuntary_switches=2829 thread_cpu_ms=595.232 wall_minus_thread_cpu_ms=1965.768
UTF8-COST jobs=100000 phase=validation sample=8 wall_ms=707.766 cpu_ms=116.830 gc_cpu_ms=0.000 gc_wall_ms=0.000 scheme_bytes=56 minor_faults=0 voluntary_switches=5 involuntary_switches=564 thread_cpu_ms=116.821 wall_minus_thread_cpu_ms=590.945
UTF8-COST jobs=100000 phase=entry sample=8 wall_ms=65.507 cpu_ms=19.993 gc_cpu_ms=8.054 gc_wall_ms=47.258 scheme_bytes=70542024 minor_faults=0 voluntary_switches=2 involuntary_switches=170 thread_cpu_ms=19.990 wall_minus_thread_cpu_ms=45.518
UTF8-COST jobs=100000 phase=dispatch sample=8 wall_ms=437.032 cpu_ms=43.035 gc_cpu_ms=10.363 gc_wall_ms=24.990 scheme_bytes=70609944 minor_faults=0 voluntary_switches=1 involuntary_switches=143 thread_cpu_ms=43.033 wall_minus_thread_cpu_ms=393.999
UTF8-COST jobs=100000 phase=length sample=9 wall_ms=94.365 cpu_ms=11.272 gc_cpu_ms=2.397 gc_wall_ms=31.989 scheme_bytes=1079992 minor_faults=0 voluntary_switches=0 involuntary_switches=100 thread_cpu_ms=11.269 wall_minus_thread_cpu_ms=83.096
UTF8-COST jobs=100000 phase=allocation sample=9 wall_ms=14.259 cpu_ms=3.393 gc_cpu_ms=0.000 gc_wall_ms=0.000 scheme_bytes=56 minor_faults=0 voluntary_switches=1 involuntary_switches=8 thread_cpu_ms=3.377 wall_minus_thread_cpu_ms=10.882
UTF8-COST jobs=100000 phase=encoding sample=9 wall_ms=3149.258 cpu_ms=597.400 gc_cpu_ms=14.404 gc_wall_ms=43.263 scheme_bytes=69358400 minor_faults=0 voluntary_switches=17 involuntary_switches=2589 thread_cpu_ms=597.396 wall_minus_thread_cpu_ms=2551.862
UTF8-COST jobs=100000 phase=validation sample=9 wall_ms=1359.641 cpu_ms=127.216 gc_cpu_ms=0.000 gc_wall_ms=0.000 scheme_bytes=56 minor_faults=0 voluntary_switches=0 involuntary_switches=696 thread_cpu_ms=127.205 wall_minus_thread_cpu_ms=1232.437
UTF8-COST jobs=100000 phase=entry sample=9 wall_ms=42.982 cpu_ms=18.783 gc_cpu_ms=7.045 gc_wall_ms=23.824 scheme_bytes=70542024 minor_faults=0 voluntary_switches=1 involuntary_switches=39 thread_cpu_ms=18.780 wall_minus_thread_cpu_ms=24.202
UTF8-COST jobs=100000 phase=dispatch sample=9 wall_ms=72.795 cpu_ms=42.123 gc_cpu_ms=9.403 gc_wall_ms=12.258 scheme_bytes=70609944 minor_faults=0 voluntary_switches=0 involuntary_switches=144 thread_cpu_ms=42.120 wall_minus_thread_cpu_ms=30.675
UTF8-COST jobs=100000 phase=owned sample=9 wall_ms=2534.552 cpu_ms=703.045 gc_cpu_ms=17.270 gc_wall_ms=185.105 scheme_bytes=70512792 minor_faults=0 voluntary_switches=12 involuntary_switches=2904 thread_cpu_ms=703.042 wall_minus_thread_cpu_ms=1831.510
UTF8-COST jobs=100000 phase=allocation sample=10 wall_ms=8.399 cpu_ms=2.892 gc_cpu_ms=0.000 gc_wall_ms=0.000 scheme_bytes=56 minor_faults=0 voluntary_switches=0 involuntary_switches=11 thread_cpu_ms=2.889 wall_minus_thread_cpu_ms=5.511
UTF8-COST jobs=100000 phase=encoding sample=10 wall_ms=1654.397 cpu_ms=604.438 gc_cpu_ms=14.691 gc_wall_ms=26.000 scheme_bytes=70470424 minor_faults=0 voluntary_switches=17 involuntary_switches=3432 thread_cpu_ms=604.436 wall_minus_thread_cpu_ms=1049.961
UTF8-COST jobs=100000 phase=validation sample=10 wall_ms=211.614 cpu_ms=123.148 gc_cpu_ms=0.000 gc_wall_ms=0.000 scheme_bytes=56 minor_faults=0 voluntary_switches=4 involuntary_switches=461 thread_cpu_ms=123.140 wall_minus_thread_cpu_ms=88.474
UTF8-COST jobs=100000 phase=entry sample=10 wall_ms=41.840 cpu_ms=21.462 gc_cpu_ms=8.729 gc_wall_ms=12.602 scheme_bytes=70368776 minor_faults=0 voluntary_switches=0 involuntary_switches=150 thread_cpu_ms=21.460 wall_minus_thread_cpu_ms=20.380
UTF8-COST jobs=100000 phase=dispatch sample=10 wall_ms=406.876 cpu_ms=48.843 gc_cpu_ms=12.129 gc_wall_ms=42.303 scheme_bytes=70576808 minor_faults=0 voluntary_switches=0 involuntary_switches=334 thread_cpu_ms=48.840 wall_minus_thread_cpu_ms=358.036
UTF8-COST jobs=100000 phase=owned sample=10 wall_ms=2135.785 cpu_ms=697.101 gc_cpu_ms=15.385 gc_wall_ms=30.429 scheme_bytes=70488504 minor_faults=0 voluntary_switches=19 involuntary_switches=2802 thread_cpu_ms=697.097 wall_minus_thread_cpu_ms=1438.687
UTF8-COST jobs=100000 phase=length sample=10 wall_ms=24.220 cpu_ms=8.892 gc_cpu_ms=1.673 gc_wall_ms=5.307 scheme_bytes=1080672 minor_faults=0 voluntary_switches=0 involuntary_switches=152 thread_cpu_ms=8.890 wall_minus_thread_cpu_ms=15.330
UTF8-COST jobs=100000 phase=encoding sample=11 wall_ms=4847.506 cpu_ms=613.526 gc_cpu_ms=15.370 gc_wall_ms=385.242 scheme_bytes=69383088 minor_faults=0 voluntary_switches=22 involuntary_switches=3605 thread_cpu_ms=613.523 wall_minus_thread_cpu_ms=4233.983
UTF8-COST jobs=100000 phase=validation sample=11 wall_ms=894.278 cpu_ms=118.262 gc_cpu_ms=0.000 gc_wall_ms=0.000 scheme_bytes=56 minor_faults=0 voluntary_switches=4 involuntary_switches=746 thread_cpu_ms=118.252 wall_minus_thread_cpu_ms=776.026
UTF8-COST jobs=100000 phase=entry sample=11 wall_ms=143.766 cpu_ms=22.880 gc_cpu_ms=8.973 gc_wall_ms=26.109 scheme_bytes=70542040 minor_faults=0 voluntary_switches=0 involuntary_switches=133 thread_cpu_ms=22.877 wall_minus_thread_cpu_ms=120.888
UTF8-COST jobs=100000 phase=dispatch sample=11 wall_ms=239.444 cpu_ms=43.175 gc_cpu_ms=10.239 gc_wall_ms=47.820 scheme_bytes=70609928 minor_faults=0 voluntary_switches=2 involuntary_switches=523 thread_cpu_ms=43.173 wall_minus_thread_cpu_ms=196.271
UTF8-COST jobs=100000 phase=owned sample=11 wall_ms=4240.981 cpu_ms=721.207 gc_cpu_ms=16.533 gc_wall_ms=53.880 scheme_bytes=70512792 minor_faults=0 voluntary_switches=17 involuntary_switches=3312 thread_cpu_ms=721.205 wall_minus_thread_cpu_ms=3519.777
UTF8-COST jobs=100000 phase=length sample=11 wall_ms=26.209 cpu_ms=10.509 gc_cpu_ms=2.372 gc_wall_ms=3.407 scheme_bytes=1080824 minor_faults=0 voluntary_switches=0 involuntary_switches=65 thread_cpu_ms=10.506 wall_minus_thread_cpu_ms=15.703
UTF8-COST jobs=100000 phase=allocation sample=11 wall_ms=22.692 cpu_ms=3.630 gc_cpu_ms=0.000 gc_wall_ms=0.000 scheme_bytes=56 minor_faults=0 voluntary_switches=1 involuntary_switches=57 thread_cpu_ms=3.624 wall_minus_thread_cpu_ms=19.068
UTF8-COST jobs=100000 phase=validation sample=12 wall_ms=1316.910 cpu_ms=117.329 gc_cpu_ms=0.000 gc_wall_ms=0.000 scheme_bytes=56 minor_faults=0 voluntary_switches=8 involuntary_switches=640 thread_cpu_ms=117.322 wall_minus_thread_cpu_ms=1199.589
UTF8-COST jobs=100000 phase=entry sample=12 wall_ms=144.812 cpu_ms=22.300 gc_cpu_ms=9.087 gc_wall_ms=74.280 scheme_bytes=69290904 minor_faults=0 voluntary_switches=0 involuntary_switches=101 thread_cpu_ms=22.298 wall_minus_thread_cpu_ms=122.514
UTF8-COST jobs=100000 phase=dispatch sample=12 wall_ms=140.074 cpu_ms=46.392 gc_cpu_ms=10.716 gc_wall_ms=17.535 scheme_bytes=70609936 minor_faults=0 voluntary_switches=1 involuntary_switches=279 thread_cpu_ms=46.388 wall_minus_thread_cpu_ms=93.686
UTF8-COST jobs=100000 phase=owned sample=12 wall_ms=5428.327 cpu_ms=729.295 gc_cpu_ms=17.650 gc_wall_ms=127.587 scheme_bytes=70512760 minor_faults=0 voluntary_switches=21 involuntary_switches=4070 thread_cpu_ms=729.291 wall_minus_thread_cpu_ms=4699.036
UTF8-COST jobs=100000 phase=length sample=12 wall_ms=36.219 cpu_ms=10.540 gc_cpu_ms=1.772 gc_wall_ms=5.402 scheme_bytes=1080864 minor_faults=0 voluntary_switches=1 involuntary_switches=81 thread_cpu_ms=10.538 wall_minus_thread_cpu_ms=25.680
UTF8-COST jobs=100000 phase=allocation sample=12 wall_ms=6.678 cpu_ms=2.789 gc_cpu_ms=0.000 gc_wall_ms=0.000 scheme_bytes=56 minor_faults=0 voluntary_switches=0 involuntary_switches=13 thread_cpu_ms=2.786 wall_minus_thread_cpu_ms=3.892
UTF8-COST jobs=100000 phase=encoding sample=12 wall_ms=1906.330 cpu_ms=608.762 gc_cpu_ms=15.200 gc_wall_ms=68.155 scheme_bytes=69284304 minor_faults=0 voluntary_switches=25 involuntary_switches=2717 thread_cpu_ms=608.759 wall_minus_thread_cpu_ms=1297.571
UTF8-COST jobs=100000 phase=entry sample=13 wall_ms=32.272 cpu_ms=19.232 gc_cpu_ms=7.695 gc_wall_ms=11.446 scheme_bytes=70542048 minor_faults=0 voluntary_switches=0 involuntary_switches=75 thread_cpu_ms=19.230 wall_minus_thread_cpu_ms=13.041
UTF8-COST jobs=100000 phase=dispatch sample=13 wall_ms=150.972 cpu_ms=42.649 gc_cpu_ms=9.601 gc_wall_ms=11.971 scheme_bytes=70609928 minor_faults=0 voluntary_switches=1 involuntary_switches=225 thread_cpu_ms=42.647 wall_minus_thread_cpu_ms=108.325
UTF8-COST jobs=100000 phase=owned sample=13 wall_ms=2180.594 cpu_ms=725.684 gc_cpu_ms=17.138 gc_wall_ms=66.053 scheme_bytes=70512792 minor_faults=0 voluntary_switches=29 involuntary_switches=2934 thread_cpu_ms=725.681 wall_minus_thread_cpu_ms=1454.913
UTF8-COST jobs=100000 phase=length sample=13 wall_ms=9.347 cpu_ms=8.935 gc_cpu_ms=1.468 gc_wall_ms=1.767 scheme_bytes=1080824 minor_faults=0 voluntary_switches=0 involuntary_switches=6 thread_cpu_ms=8.934 wall_minus_thread_cpu_ms=0.413
UTF8-COST jobs=100000 phase=allocation sample=13 wall_ms=21.716 cpu_ms=3.077 gc_cpu_ms=0.000 gc_wall_ms=0.000 scheme_bytes=56 minor_faults=0 voluntary_switches=0 involuntary_switches=15 thread_cpu_ms=3.070 wall_minus_thread_cpu_ms=18.647
UTF8-COST jobs=100000 phase=encoding sample=13 wall_ms=3796.995 cpu_ms=613.707 gc_cpu_ms=14.681 gc_wall_ms=119.584 scheme_bytes=69276032 minor_faults=0 voluntary_switches=25 involuntary_switches=2922 thread_cpu_ms=613.703 wall_minus_thread_cpu_ms=3183.292
UTF8-COST jobs=100000 phase=validation sample=13 wall_ms=518.531 cpu_ms=121.621 gc_cpu_ms=0.000 gc_wall_ms=0.000 scheme_bytes=56 minor_faults=0 voluntary_switches=6 involuntary_switches=1104 thread_cpu_ms=121.612 wall_minus_thread_cpu_ms=396.918
UTF8-COST jobs=100000 phase=dispatch sample=14 wall_ms=228.158 cpu_ms=41.643 gc_cpu_ms=9.909 gc_wall_ms=115.050 scheme_bytes=70535376 minor_faults=0 voluntary_switches=2 involuntary_switches=292 thread_cpu_ms=41.640 wall_minus_thread_cpu_ms=186.518
UTF8-COST jobs=100000 phase=owned sample=14 wall_ms=4151.651 cpu_ms=756.888 gc_cpu_ms=17.941 gc_wall_ms=115.752 scheme_bytes=70488576 minor_faults=0 voluntary_switches=25 involuntary_switches=4907 thread_cpu_ms=756.886 wall_minus_thread_cpu_ms=3394.765
UTF8-COST jobs=100000 phase=length sample=14 wall_ms=19.453 cpu_ms=8.909 gc_cpu_ms=1.559 gc_wall_ms=1.775 scheme_bytes=1080640 minor_faults=0 voluntary_switches=1 involuntary_switches=39 thread_cpu_ms=8.907 wall_minus_thread_cpu_ms=10.546
UTF8-COST jobs=100000 phase=allocation sample=14 wall_ms=3.387 cpu_ms=2.790 gc_cpu_ms=0.000 gc_wall_ms=0.000 scheme_bytes=56 minor_faults=0 voluntary_switches=0 involuntary_switches=4 thread_cpu_ms=2.788 wall_minus_thread_cpu_ms=0.599
UTF8-COST jobs=100000 phase=encoding sample=14 wall_ms=3420.886 cpu_ms=617.339 gc_cpu_ms=15.173 gc_wall_ms=28.101 scheme_bytes=69399552 minor_faults=0 voluntary_switches=25 involuntary_switches=3801 thread_cpu_ms=617.337 wall_minus_thread_cpu_ms=2803.550
UTF8-COST jobs=100000 phase=validation sample=14 wall_ms=1126.845 cpu_ms=115.912 gc_cpu_ms=0.000 gc_wall_ms=0.000 scheme_bytes=56 minor_faults=0 voluntary_switches=5 involuntary_switches=616 thread_cpu_ms=115.901 wall_minus_thread_cpu_ms=1010.944
UTF8-COST jobs=100000 phase=entry sample=14 wall_ms=49.909 cpu_ms=20.942 gc_cpu_ms=8.156 gc_wall_ms=17.393 scheme_bytes=70542024 minor_faults=0 voluntary_switches=2 involuntary_switches=35 thread_cpu_ms=20.938 wall_minus_thread_cpu_ms=28.971
UTF8-COST jobs=100000 phase=owned sample=15 wall_ms=4050.123 cpu_ms=729.976 gc_cpu_ms=17.118 gc_wall_ms=32.355 scheme_bytes=70587448 minor_faults=0 voluntary_switches=17 involuntary_switches=3865 thread_cpu_ms=729.973 wall_minus_thread_cpu_ms=3320.150
UTF8-COST jobs=100000 phase=length sample=15 wall_ms=114.235 cpu_ms=8.691 gc_cpu_ms=1.829 gc_wall_ms=31.543 scheme_bytes=1080800 minor_faults=0 voluntary_switches=0 involuntary_switches=28 thread_cpu_ms=8.688 wall_minus_thread_cpu_ms=105.548
UTF8-COST jobs=100000 phase=allocation sample=15 wall_ms=36.019 cpu_ms=2.744 gc_cpu_ms=0.000 gc_wall_ms=0.000 scheme_bytes=56 minor_faults=0 voluntary_switches=0 involuntary_switches=5 thread_cpu_ms=2.736 wall_minus_thread_cpu_ms=33.283
UTF8-COST jobs=100000 phase=encoding sample=15 wall_ms=4670.000 cpu_ms=607.973 gc_cpu_ms=15.132 gc_wall_ms=188.601 scheme_bytes=69300744 minor_faults=0 voluntary_switches=26 involuntary_switches=3327 thread_cpu_ms=607.969 wall_minus_thread_cpu_ms=4062.030
UTF8-COST jobs=100000 phase=validation sample=15 wall_ms=588.995 cpu_ms=127.306 gc_cpu_ms=0.000 gc_wall_ms=0.000 scheme_bytes=56 minor_faults=0 voluntary_switches=2 involuntary_switches=911 thread_cpu_ms=127.299 wall_minus_thread_cpu_ms=461.696
UTF8-COST jobs=100000 phase=entry sample=15 wall_ms=176.838 cpu_ms=21.105 gc_cpu_ms=8.366 gc_wall_ms=128.877 scheme_bytes=70542024 minor_faults=0 voluntary_switches=0 involuntary_switches=97 thread_cpu_ms=21.102 wall_minus_thread_cpu_ms=155.736
UTF8-COST jobs=100000 phase=dispatch sample=15 wall_ms=274.608 cpu_ms=51.120 gc_cpu_ms=12.692 gc_wall_ms=78.326 scheme_bytes=70609944 minor_faults=0 voluntary_switches=4 involuntary_switches=322 thread_cpu_ms=51.116 wall_minus_thread_cpu_ms=223.492
UTF8-COST jobs=100000 phase=length sample=16 wall_ms=224.340 cpu_ms=9.491 gc_cpu_ms=2.271 gc_wall_ms=115.954 scheme_bytes=1079992 minor_faults=0 voluntary_switches=0 involuntary_switches=37 thread_cpu_ms=9.488 wall_minus_thread_cpu_ms=214.851
UTF8-COST jobs=100000 phase=allocation sample=16 wall_ms=2.695 cpu_ms=2.697 gc_cpu_ms=0.000 gc_wall_ms=0.000 scheme_bytes=56 minor_faults=0 voluntary_switches=0 involuntary_switches=0 thread_cpu_ms=2.696 wall_minus_thread_cpu_ms=-0.001
UTF8-COST jobs=100000 phase=encoding sample=16 wall_ms=4122.147 cpu_ms=600.015 gc_cpu_ms=16.516 gc_wall_ms=114.789 scheme_bytes=69358400 minor_faults=0 voluntary_switches=14 involuntary_switches=2964 thread_cpu_ms=600.011 wall_minus_thread_cpu_ms=3522.136
UTF8-COST jobs=100000 phase=validation sample=16 wall_ms=682.550 cpu_ms=120.947 gc_cpu_ms=0.000 gc_wall_ms=0.000 scheme_bytes=56 minor_faults=0 voluntary_switches=1 involuntary_switches=602 thread_cpu_ms=120.937 wall_minus_thread_cpu_ms=561.613
UTF8-COST jobs=100000 phase=entry sample=16 wall_ms=88.108 cpu_ms=22.182 gc_cpu_ms=8.946 gc_wall_ms=27.877 scheme_bytes=70542024 minor_faults=0 voluntary_switches=1 involuntary_switches=200 thread_cpu_ms=22.179 wall_minus_thread_cpu_ms=65.929
UTF8-COST jobs=100000 phase=dispatch sample=16 wall_ms=132.124 cpu_ms=44.301 gc_cpu_ms=10.158 gc_wall_ms=37.394 scheme_bytes=70609944 minor_faults=0 voluntary_switches=0 involuntary_switches=80 thread_cpu_ms=44.298 wall_minus_thread_cpu_ms=87.826
UTF8-COST jobs=100000 phase=owned sample=16 wall_ms=6238.355 cpu_ms=722.960 gc_cpu_ms=16.082 gc_wall_ms=117.642 scheme_bytes=70512792 minor_faults=0 voluntary_switches=23 involuntary_switches=3643 thread_cpu_ms=722.957 wall_minus_thread_cpu_ms=5515.398
UTF8-COST jobs=100000 phase=allocation sample=17 wall_ms=5.095 cpu_ms=2.726 gc_cpu_ms=0.000 gc_wall_ms=0.000 scheme_bytes=56 minor_faults=0 voluntary_switches=1 involuntary_switches=0 thread_cpu_ms=2.721 wall_minus_thread_cpu_ms=2.374
UTF8-COST jobs=100000 phase=encoding sample=17 wall_ms=4749.435 cpu_ms=613.632 gc_cpu_ms=15.320 gc_wall_ms=88.909 scheme_bytes=70470424 minor_faults=0 voluntary_switches=19 involuntary_switches=2620 thread_cpu_ms=613.631 wall_minus_thread_cpu_ms=4135.805
UTF8-COST jobs=100000 phase=validation sample=17 wall_ms=1735.360 cpu_ms=120.122 gc_cpu_ms=0.000 gc_wall_ms=0.000 scheme_bytes=56 minor_faults=0 voluntary_switches=6 involuntary_switches=631 thread_cpu_ms=120.113 wall_minus_thread_cpu_ms=1615.247
UTF8-COST jobs=100000 phase=entry sample=17 wall_ms=264.809 cpu_ms=20.986 gc_cpu_ms=8.619 gc_wall_ms=118.095 scheme_bytes=70368776 minor_faults=0 voluntary_switches=1 involuntary_switches=152 thread_cpu_ms=20.984 wall_minus_thread_cpu_ms=243.824
UTF8-COST jobs=100000 phase=dispatch sample=17 wall_ms=313.534 cpu_ms=47.547 gc_cpu_ms=11.208 gc_wall_ms=64.565 scheme_bytes=70576808 minor_faults=0 voluntary_switches=1 involuntary_switches=246 thread_cpu_ms=47.545 wall_minus_thread_cpu_ms=265.989
UTF8-COST jobs=100000 phase=owned sample=17 wall_ms=6532.885 cpu_ms=743.383 gc_cpu_ms=18.629 gc_wall_ms=166.101 scheme_bytes=70488504 minor_faults=0 voluntary_switches=18 involuntary_switches=3517 thread_cpu_ms=743.381 wall_minus_thread_cpu_ms=5789.505
UTF8-COST jobs=100000 phase=length sample=17 wall_ms=31.756 cpu_ms=10.321 gc_cpu_ms=2.110 gc_wall_ms=2.324 scheme_bytes=1080672 minor_faults=0 voluntary_switches=1 involuntary_switches=94 thread_cpu_ms=10.317 wall_minus_thread_cpu_ms=21.438
UTF8-COST jobs=100000 phase=encoding sample=18 wall_ms=4909.352 cpu_ms=640.182 gc_cpu_ms=17.901 gc_wall_ms=178.191 scheme_bytes=69383088 minor_faults=0 voluntary_switches=23 involuntary_switches=2952 thread_cpu_ms=640.177 wall_minus_thread_cpu_ms=4269.175
UTF8-COST jobs=100000 phase=validation sample=18 wall_ms=873.025 cpu_ms=127.173 gc_cpu_ms=0.000 gc_wall_ms=0.000 scheme_bytes=56 minor_faults=0 voluntary_switches=3 involuntary_switches=758 thread_cpu_ms=127.164 wall_minus_thread_cpu_ms=745.861
UTF8-COST jobs=100000 phase=entry sample=18 wall_ms=377.804 cpu_ms=23.686 gc_cpu_ms=10.097 gc_wall_ms=144.979 scheme_bytes=70542040 minor_faults=0 voluntary_switches=2 involuntary_switches=189 thread_cpu_ms=23.683 wall_minus_thread_cpu_ms=354.121
UTF8-COST jobs=100000 phase=dispatch sample=18 wall_ms=336.299 cpu_ms=54.968 gc_cpu_ms=14.503 gc_wall_ms=81.560 scheme_bytes=70609928 minor_faults=0 voluntary_switches=2 involuntary_switches=483 thread_cpu_ms=54.964 wall_minus_thread_cpu_ms=281.334
UTF8-COST jobs=100000 phase=owned sample=18 wall_ms=7801.126 cpu_ms=746.028 gc_cpu_ms=18.411 gc_wall_ms=126.937 scheme_bytes=70512792 minor_faults=0 voluntary_switches=11 involuntary_switches=3747 thread_cpu_ms=746.026 wall_minus_thread_cpu_ms=7055.100
UTF8-COST jobs=100000 phase=length sample=18 wall_ms=257.569 cpu_ms=10.609 gc_cpu_ms=2.267 gc_wall_ms=11.307 scheme_bytes=1080824 minor_faults=0 voluntary_switches=0 involuntary_switches=130 thread_cpu_ms=10.605 wall_minus_thread_cpu_ms=246.963
UTF8-COST jobs=100000 phase=allocation sample=18 wall_ms=9.791 cpu_ms=2.752 gc_cpu_ms=0.000 gc_wall_ms=0.000 scheme_bytes=56 minor_faults=0 voluntary_switches=0 involuntary_switches=8 thread_cpu_ms=2.748 wall_minus_thread_cpu_ms=7.043
UTF8-COST jobs=100000 phase=validation sample=19 wall_ms=948.665 cpu_ms=123.255 gc_cpu_ms=0.000 gc_wall_ms=0.000 scheme_bytes=56 minor_faults=0 voluntary_switches=5 involuntary_switches=720 thread_cpu_ms=123.248 wall_minus_thread_cpu_ms=825.417
UTF8-COST jobs=100000 phase=entry sample=19 wall_ms=287.564 cpu_ms=18.848 gc_cpu_ms=7.506 gc_wall_ms=54.967 scheme_bytes=69290904 minor_faults=0 voluntary_switches=0 involuntary_switches=51 thread_cpu_ms=18.846 wall_minus_thread_cpu_ms=268.718
UTF8-COST jobs=100000 phase=dispatch sample=19 wall_ms=658.649 cpu_ms=49.012 gc_cpu_ms=13.414 gc_wall_ms=269.982 scheme_bytes=70609936 minor_faults=0 voluntary_switches=1 involuntary_switches=308 thread_cpu_ms=49.010 wall_minus_thread_cpu_ms=609.640
UTF8-COST jobs=100000 phase=owned sample=19 wall_ms=8482.489 cpu_ms=753.440 gc_cpu_ms=18.634 gc_wall_ms=211.690 scheme_bytes=70512760 minor_faults=0 voluntary_switches=21 involuntary_switches=3609 thread_cpu_ms=753.436 wall_minus_thread_cpu_ms=7729.053
UTF8-COST jobs=100000 phase=length sample=19 wall_ms=207.369 cpu_ms=10.502 gc_cpu_ms=1.937 gc_wall_ms=4.638 scheme_bytes=1080864 minor_faults=0 voluntary_switches=0 involuntary_switches=50 thread_cpu_ms=10.496 wall_minus_thread_cpu_ms=196.873
UTF8-COST jobs=100000 phase=allocation sample=19 wall_ms=9.784 cpu_ms=5.752 gc_cpu_ms=0.000 gc_wall_ms=0.000 scheme_bytes=56 minor_faults=0 voluntary_switches=0 involuntary_switches=60 thread_cpu_ms=5.741 wall_minus_thread_cpu_ms=4.043
UTF8-COST jobs=100000 phase=encoding sample=19 wall_ms=7161.344 cpu_ms=629.243 gc_cpu_ms=16.319 gc_wall_ms=278.005 scheme_bytes=69284304 minor_faults=0 voluntary_switches=12 involuntary_switches=2920 thread_cpu_ms=629.239 wall_minus_thread_cpu_ms=6532.106
UTF8-COST jobs=100000 phase=entry sample=20 wall_ms=74.734 cpu_ms=17.207 gc_cpu_ms=6.306 gc_wall_ms=43.766 scheme_bytes=70542048 minor_faults=0 voluntary_switches=0 involuntary_switches=21 thread_cpu_ms=17.205 wall_minus_thread_cpu_ms=57.529
UTF8-COST jobs=100000 phase=dispatch sample=20 wall_ms=881.201 cpu_ms=56.158 gc_cpu_ms=14.383 gc_wall_ms=244.268 scheme_bytes=70609928 minor_faults=0 voluntary_switches=3 involuntary_switches=252 thread_cpu_ms=56.149 wall_minus_thread_cpu_ms=825.051
UTF8-COST jobs=100000 phase=owned sample=20 wall_ms=6981.621 cpu_ms=745.030 gc_cpu_ms=19.841 gc_wall_ms=252.123 scheme_bytes=70512792 minor_faults=0 voluntary_switches=17 involuntary_switches=4066 thread_cpu_ms=745.027 wall_minus_thread_cpu_ms=6236.593
UTF8-COST jobs=100000 phase=length sample=20 wall_ms=296.483 cpu_ms=9.781 gc_cpu_ms=2.400 gc_wall_ms=45.882 scheme_bytes=1080824 minor_faults=0 voluntary_switches=0 involuntary_switches=23 thread_cpu_ms=9.778 wall_minus_thread_cpu_ms=286.705
UTF8-COST jobs=100000 phase=allocation sample=20 wall_ms=72.518 cpu_ms=3.208 gc_cpu_ms=0.000 gc_wall_ms=0.000 scheme_bytes=56 minor_faults=0 voluntary_switches=0 involuntary_switches=8 thread_cpu_ms=3.200 wall_minus_thread_cpu_ms=69.319
UTF8-COST jobs=100000 phase=encoding sample=20 wall_ms=5166.136 cpu_ms=650.107 gc_cpu_ms=18.732 gc_wall_ms=44.739 scheme_bytes=69276032 minor_faults=0 voluntary_switches=23 involuntary_switches=3016 thread_cpu_ms=650.106 wall_minus_thread_cpu_ms=4516.030
UTF8-COST jobs=100000 phase=validation sample=20 wall_ms=605.599 cpu_ms=114.584 gc_cpu_ms=0.000 gc_wall_ms=0.000 scheme_bytes=56 minor_faults=0 voluntary_switches=6 involuntary_switches=260 thread_cpu_ms=114.573 wall_minus_thread_cpu_ms=491.026
UTF8-COST-SUMMARY jobs=100000 phase=owned samples=20 wall_ms=4733.998 cpu_ms=729.636 gc_cpu_ms=17.277 gc_wall_ms=122.290 scheme_bytes=70512792 minor_faults=0 voluntary_switches=20 involuntary_switches=3856 thread_cpu_ms=729.632
UTF8-COST-SUMMARY jobs=100000 phase=length samples=20 wall_ms=33.987 cpu_ms=10.293 gc_cpu_ms=2.095 gc_wall_ms=4.972 scheme_bytes=1080800 minor_faults=0 voluntary_switches=0 involuntary_switches=51 thread_cpu_ms=10.289
UTF8-COST-SUMMARY jobs=100000 phase=allocation samples=20 wall_ms=10.228 cpu_ms=2.884 gc_cpu_ms=0.000 gc_wall_ms=0.000 scheme_bytes=56 minor_faults=0 voluntary_switches=0 involuntary_switches=12 thread_cpu_ms=2.881
UTF8-COST-SUMMARY jobs=100000 phase=encoding samples=20 wall_ms=3828.705 cpu_ms=614.329 gc_cpu_ms=15.351 gc_wall_ms=97.554 scheme_bytes=69358400 minor_faults=0 voluntary_switches=19 involuntary_switches=3166 thread_cpu_ms=614.325
UTF8-COST-SUMMARY jobs=100000 phase=validation samples=20 wall_ms=695.158 cpu_ms=121.284 gc_cpu_ms=0.000 gc_wall_ms=0.000 scheme_bytes=56 minor_faults=0 voluntary_switches=5 involuntary_switches=636 thread_cpu_ms=121.276
UTF8-COST-SUMMARY jobs=100000 phase=entry samples=20 wall_ms=70.120 cpu_ms=20.467 gc_cpu_ms=8.105 gc_wall_ms=26.993 scheme_bytes=70542024 minor_faults=0 voluntary_switches=0 involuntary_switches=68 thread_cpu_ms=20.464
UTF8-COST-SUMMARY jobs=100000 phase=dispatch samples=20 wall_ms=294.071 cpu_ms=46.970 gc_cpu_ms=10.741 gc_wall_ms=59.124 scheme_bytes=70609928 minor_faults=0 voluntary_switches=1 involuntary_switches=249 thread_cpu_ms=46.966
