PARTIAL CAPTURE: transport output truncated; not admitted as a complete raw sample receipt.
Production encoder: admitted c-lambda leaf. Diagnostic driver: initial generic arithmetic prototype.
env -u SDKROOT CARGO_TARGET_AARCH64_APPLE_DARWIN_LINKER=/usr/bin/cc cargo bench -p gerbil-scheme-qualification --features actor-aot --bench utf8 --locked -- --costs
   Compiling gerbil-scheme-qualification v0.1.0 (/private/tmp/orgize-native-recovery-20261009-f7ey6w/bridge/crates/gerbil-scheme-qualification)
Warning: truncated output (original token count: 18669)
Total output lines: 319

    Finished `bench` profile [optimized] target(s) in 1m 25s
     Running benches/utf8.rs (target/release/deps/utf8-461f469b848a9e47)
UTF8-BUFFER-CONTRACTS Unicode=1112064 surrogates=2048 mutation=OK bounds=OK roots=OK
UTF8-COST jobs=1000 phase=owned sample=1 wall_ms=12.034 cpu_ms=6.812 gc_cpu_ms=0.000 gc_wall_ms=0.000 scheme_bytes=888056 minor_faults=4 voluntary_switches=0 involuntary_switches=43 thread_cpu_ms=6.807 wall_minus_thread_cpu_ms=5.226
UTF8-COST jobs=1000 phase=length sample=1 wall_ms=0.159 cpu_ms=0.174 gc_cpu_ms=0.000 gc_wall_ms=0.000 scheme_bytes=56056 minor_faults=4 voluntary_switches=0 involuntary_switches=0 thread_cpu_ms=0.160 wall_minus_thread_cpu_ms=-0.002
UTF8-COST jobs=1000 phase=allocation sample=1 wall_ms=0.064 cpu_ms=0.067 gc_cpu_ms=0.000 gc_wall_ms=0.000 scheme_bytes=56 minor_faults=0 voluntary_switches=0 involuntary_switches=0 thread_cpu_ms=0.065 wall_minus_thread_cpu_ms=-0.001
UTF8-COST jobs=1000 phase=encoding sample=1 wall_ms=12.227 cpu_ms=7.574 gc_cpu_ms=0.000 gc_wall_ms=0.000 scheme_bytes=832056 minor_faults=8 voluntary_switches=0 involuntary_switches=42 thread_cpu_ms=7.570 wall_minus_thread_cpu_ms=4.656
UTF8-COST jobs=1000 phase=validation sample=1 wall_ms=2.466 cpu_ms=1.383 gc_cpu_ms=0.000 gc_wall_ms=0.000 scheme_bytes=56 minor_faults=0 voluntary_switches=0 involuntary_switches=8 thread_cpu_ms=1.375 wall_minus_thread_cpu_ms=1.091
UTF8-COST jobs=1000 phase=entry sample=1 wall_ms=0.501 cpu_ms=0.452 gc_cpu_ms=0.255 gc_wall_ms=0.318 scheme_bytes=304288 minor_faults=2 voluntary_switches=0 involuntary_switches=1 thread_cpu_ms=0.449 wall_minus_thread_cpu_ms=0.053
UTF8-COST jobs=1000 phase=dispatch sample=1 wall_ms=1.796 cpu_ms=0.474 gc_cpu_ms=0.000 gc_wall_ms=0.000 scheme_bytes=832056 minor_faults=0 voluntary_switches=0 involuntary_switches=2 thread_cpu_ms=0.471 wall_minus_thread_cpu_ms=1.325
UTF8-COST jobs=1000 phase=length sample=2 wall_ms=0.066 cpu_ms=0.067 gc_cpu_ms=0.000 gc_wall_ms=0.000 scheme_bytes=56056 minor_faults=0 voluntary_switches=0 involuntary_switches=0 thread_cpu_ms=0.066 wall_minus_thread_cpu_ms=-0.001
UTF8-COST jobs=1000 phase=allocation sample=2 wall_ms=0.026 cpu_ms=0.027 gc_cpu_ms=0.000 gc_wall_ms=0.000 scheme_bytes=56 minor_faults=0 voluntary_switches=0 involuntary_switches=0 thread_cpu_ms=0.026 wall_minus_thread_cpu_ms=-0.000
UTF8-COST jobs=1000 phase=encoding sample=2 wall_ms=14.215 cpu_ms=6.180 gc_cpu_ms=0.192 gc_wall_ms=0.192 scheme_bytes=584696 minor_faults=0 voluntary_switches=1 involuntary_switches=32 thread_cpu_ms=6.177 wall_minus_thread_cpu_ms=8.038
UTF8-COST jobs=1000 phase=validation sample=2 wall_ms=0.960 cpu_ms=0.962 gc_cpu_ms=0.000 gc_wall_ms=0.000 scheme_bytes=56 minor_faults=0 voluntary_switches=0 involuntary_switches=0 thread_cpu_ms=0.961 wall_minus_thread_cpu_ms=-0.001
UTF8-COST jobs=1000 phase=entry sample=2 wall_ms=0.098 cpu_ms=0.099 gc_cpu_ms=0.000 gc_wall_ms=0.000 scheme_bytes=760056 minor_faults=0 voluntary_switches=0 involuntary_switches=0 thread_cpu_ms=0.098 wall_minus_thread_cpu_ms=-0.001
UTF8-COST jobs=1000 phase=dispatch sample=2 wall_ms=0.463 cpu_ms=0.465 gc_cpu_ms=0.178 gc_wall_ms=0.177 scheme_bytes=683696 minor_faults=0 voluntary_switches=0 involuntary_switches=0 thread_cpu_ms=0.464 wall_minus_thread_cpu_ms=-0.001
UTF8-COST jobs=1000 phase=owned sample=2 wall_ms=15.560 cpu_ms=7.795 gc_cpu_ms=0.330 gc_wall_ms=1.431 scheme_bytes=632720 minor_faults=0 voluntary_switches=0 involuntary_switches=45 thread_cpu_ms=7.791 wall_minus_thread_cpu_ms=7.769
UTF8-COST jobs=1000 phase=allocation sample=3 wall_ms=0.026 cpu_ms=0.027 gc_cpu_ms=0.000 gc_wall_ms=0.000 scheme_bytes=56 minor_faults=0 voluntary_switches=0 involuntary_switches=0 thread_cpu_ms=0.026 wall_minus_thread_cpu_ms=-0.000
UTF8-COST jobs=1000 phase=encoding sample=3 wall_ms=20.093 cpu_ms=5.416 gc_cpu_ms=0.000 gc_wall_ms=0.000 scheme_bytes=832056 minor_faults=0 voluntary_switches=0 involuntary_switches=100 thread_cpu_ms=5.413 wall_minus_thread_cpu_ms=14.679
UTF8-COST jobs=1000 phase=validation sample=3 wall_ms=1.383 cpu_ms=0.975 gc_cpu_ms=0.000 gc_wall_ms=0.000 scheme_bytes=56 minor_faults=0 voluntary_switches=0 involuntary_switches=3 thread_cpu_ms=0.974 wall_minus_thread_cpu_ms=0.409
UTF8-COST jobs=1000 phase=entry sample=3 wall_ms=0.426 cpu_ms=0.309 gc_cpu_ms=0.203 gc_wall_ms=0.322 scheme_bytes=562144 minor_faults=0 voluntary_switches=0 involuntary_switches=3 thread_cpu_ms=0.307 wall_minus_thread_cpu_ms=0.119
UTF8-COST jobs=1000 phase=dispatch sample=3 wall_ms=0.353 cpu_ms=0.293 gc_cpu_ms=0.000 gc_wall_ms=0.000 scheme_bytes=832056 minor_faults=0 voluntary_switches=0 involuntary_switches=2 thread_cpu_ms=0.292 wall_minus_thread_cpu_ms=0.061
UTF8-COST jobs=1000 phase=owned sample=3 wall_ms=135.523 cpu_ms=6.990 gc_cpu_ms=0.207 gc_wall_ms=0.207 scheme_bytes=698496 minor_faults=0 voluntary_switches=0 involuntary_switches=85 thread_cpu_ms=6.986 wall_minus_thread_cpu_ms=128.537
UTF8-COST jobs=1000 phase=length sample=3 wall_ms=0.240 cpu_ms=0.073 gc_cpu_ms=0.000 gc_wall_ms=0.000 scheme_bytes=56056 minor_faults=0 voluntary_switches=0 involuntary_switches=1 thread_cpu_ms=0.071 wall_minus_thread_cpu_ms=0.169
UTF8-COST jobs=1000 phase=encoding sample=4 wall_ms=17.077 cpu_ms=5.827 gc_cpu_ms=0.214 gc_wall_ms=0.212 scheme_bytes=527480 minor_faults=0 voluntary_switches=0 involuntary_switches=46 thread_cpu_ms=5.823 wall_minus_thread_cpu_ms=11.253
UTF8-COST jobs=1000 phase=validation sample=4 wall_ms=2.508 cpu_ms=0.992 gc_cpu_ms=0.000 gc_wall_ms=0.000 scheme_bytes=56 minor_faults=0 voluntary_switches=0 involuntary_switches=10 thread_cpu_ms=0.990 wall_minus_thread_cpu_ms=1.518
UTF8-COST jobs=1000 phase=entry sample=4 wall_ms=0.100 cpu_ms=0.102 gc_cpu_ms=0.000 gc_wall_ms=0.000 scheme_bytes=760056 minor_faults=0 voluntary_switches=0 involuntary_switches=0 thread_cpu_ms=0.101 wall_minus_thread_cpu_ms=-0.001
UTF8-COST jobs=1000 phase=dispatch sample=4 wall_ms=4.254 cpu_ms=0.506 gc_cpu_ms=0.189 gc_wall_ms=0.188 scheme_bytes=675320 minor_faults=0 voluntary_switches=0 involuntary_switches=3 thread_cpu_ms=0.505 wall_minus_thread_cpu_ms=3.749
UTF8-COST jobs=1000 phase=owned sample=4 wall_ms=21.702 cpu_ms=7.280 gc_cpu_ms=0.000 gc_wall_ms=0.000 scheme_bytes=888056 minor_faults=0 voluntary_switches=0 involuntary_switches=98 thread_cpu_ms=7.265 wall_minus_thread_cpu_ms=14.437
UTF8-COST jobs=1000 phase=length sample=4 wall_ms=1.587 cpu_ms=0.242 gc_cpu_ms=0.000 gc_wall_ms=0.000 scheme_bytes=56056 minor_faults=0 voluntary_switches=0 involuntary_switches=43 thread_cpu_ms=0.234 wall_minus_thread_cpu_ms=1.352
UTF8-COST jobs=1000 phase=allocation sample=4 wall_ms=0.324 cpu_ms=0.044 gc_cpu_ms=0.000 gc_wall_ms=0.000 scheme_bytes=56 minor_faults=0 voluntary_switches=0 involuntary_switches=6 thread_cpu_ms=0.042 wall_minus_thread_cpu_ms=0.281
UTF8-COST jobs=1000 phase=validation sample=5 wall_ms=6.942 cpu_ms=1.558 gc_cpu_ms=0.000 gc_wall_ms=0.000 scheme_bytes=56 minor_faults=0 voluntary_switches=0 involuntary_switches=74 thread_cpu_ms=1.550 wall_minus_thread_cpu_ms=5.392
UTF8-COST jobs=1000 phase=entry sample=5 wall_ms=0.456 cpu_ms=0.368 gc_cpu_ms=0.248 gc_wall_ms=0.247 scheme_bytes=447280 minor_faults=0 voluntary_switches=0 involuntary_switches=1 thread_cpu_ms=0.364 wall_minus_thread_cpu_ms=0.091
UTF8-COST jobs=1000 phase=dispatch sample=5 wall_ms=4.062 cpu_ms=0.487 gc_cpu_ms=0.173 gc_wall_ms=0.173 scheme_bytes=667152 minor_faults=0 voluntary_switches=0 involuntary_switches=2 thread_cpu_ms=0.486 wall_minus_thread_cpu_ms=3.576
UTF8-COST jobs=1000 phase=owned sample=5 wall_ms=11.448 cpu_ms=6.480 gc_cpu_ms=0.000 gc_wall_ms=0.000 scheme_bytes=888056 minor_faults=0 voluntary_switches=0 involuntary_switches=13 thread_cpu_ms=6.477 wall_minus_thread_cpu_ms=4.972
UTF8-COST jobs=1000 phase=length sample=5 wall_ms=0.126 cpu_ms=0.075 gc_cpu_ms=0.000 gc_wall_ms=0.000 scheme_bytes=56056 minor_faults=0 voluntary_switches=0 involuntary_switches=1 thread_cpu_ms=0.071 wall_minus_thread_cpu_ms=0.055
UTF8-COST jobs=1000 phase=allocation sample=5 wall_ms=0.026 cpu_ms=0.027 gc_cpu_ms=0.000 gc_wall_ms=0.000 scheme_bytes=56 minor_faults=0 voluntary_switches=0 involuntary_switches=0 thread_cpu_ms=0.026 wall_minus_thread_cpu_ms=-0.000
UTF8-COST jobs=1000 phase=encoding sample=5 wall_ms=17.359 cpu_ms=7.238 gc_cpu_ms=0.526 gc_wall_ms=0.606 scheme_bytes=519328 minor_faults=0 voluntary_switches=0 involuntary_switches=55 thread_cpu_ms=7.234 wall_minus_thread_cpu_ms=10.125
UTF8-COST jobs=1000 phase=entry sample=6 wall_ms=0.264 cpu_ms=0.268 gc_cpu_ms=0.000 gc_wall_ms=0.000 scheme_bytes=760056 minor_faults=0 voluntary_switches=0 involuntary_switches=0 thread_cpu_ms=0.266 wall_minus_thread_cpu_ms=-0.002
UTF8-COST jobs=1000 phase=dispatch sample=6 wall_ms=1.728 cpu_ms=0.793 gc_cpu_ms=0.385 gc_wall_ms=1.323 scheme_bytes=683664 minor_faults=0 voluntary_switches=0 involuntary_switches=10 thread_cpu_ms=0.791 wall_minus_thread_cpu_ms=0.938
UTF8-COST jobs=1000 phase=owned sample=6 wall_ms=12.016 cpu_ms=7.133 gc_cpu_ms=0.242 gc_wall_ms=0.241 scheme_bytes=624672 minor_faults=0 voluntary_switches=0 involuntary_switches=40 thread_cpu_ms=7.130 wall_minus_thread_cpu_ms=4.886
UTF8-COST jobs=1000 phase=length sample=6 wall_ms=0.065 cpu_ms=0.067 gc_cpu_ms=0.000 gc_wall_ms=0.000 scheme_bytes=56056 minor_faults=0 voluntary_switches=0 involuntary_switches=0 thread_cpu_ms=0.066 wall_minus_thread_cpu_ms=-0.000
UTF8-COST jobs=1000 phase=allocation sample=6 wall_ms=0.026 cpu_ms=0.026 gc_cpu_ms=0.000 gc_wall_ms=0.000 scheme_bytes=56 minor_faults=0 voluntary_switches=0 involuntary_switches=0 thread_cpu_ms=0.026 wall_minus_thread_cpu_ms=-0.000
UTF8-COST jobs=1000 phase=encoding sample=6 wall_ms=18.375 cpu_ms=5.523 gc_cpu_ms=0.000 gc_wall_ms=0.000 scheme_bytes=832056 minor_faults=0 voluntary_switches=0 involuntary_switches=40 thread_cpu_ms=5.521 wall_minus_thread_cpu_ms=12.854
UTF8-COST jobs=1000 phase=validation sample=6 wall_ms=1.408 cpu_ms=1.061 gc_cpu_ms=0.000 gc_wall_ms=0.000 scheme_bytes=56 minor_faults=0 voluntary_switches=0 involuntary_switches=11 thread_cpu_ms=1.059 wall_minus_thread_cpu_ms=0.349
UTF8-COST jobs=1000 phase=dispatch sample=7 wall_ms=0.868 cpu_ms=0.562 gc_cpu_ms=0.248 gc_wall_ms=0.258 scheme_bytes=568152 minor_faults=0 voluntary_switches=0 involuntary_switches=4 thread_cpu_ms=0.560 wall_minus_thread_cpu_ms=0.307
UTF8-COST jobs=1000 phase=owned sample=7 wall_ms=23.129 cpu_ms=8.066 gc_cpu_ms=0.000 gc_wall_ms=0.000 scheme_bytes=888056 minor_faults=0 voluntary_switches=0 involuntary_switches=101 thread_cpu_ms=8.064 wall_minus_thread_cpu_ms=15.065
UTF8-COST jobs=1000 phase=length sample=7 wall_ms=0.066 cpu_ms=0.067 gc_cpu_ms=0.000 gc_wall_ms=0.000 scheme_bytes=56056 minor_faults=0 voluntary_switches=0 involuntary_switches=0 thread_cpu_ms=0.066 wall_minus_thread_cpu_ms=-0.001
UTF8-COST jobs=1000 phase=allocation sample=7 wall_ms=0.025 cpu_ms=0.027 gc_cpu_ms=0.000 gc_wall_ms=0.000 scheme_bytes=56 minor_faults=0 voluntary_switches=0 involuntary_switches=0 thread_cpu_ms=0.026 wall_minus_thread_cpu_ms=-0.001
UTF8-COST jobs=1000 phase=encoding sample=7 wall_ms=26.971 cpu_ms=6.873 gc_cpu_ms=0.334 gc_wall_ms=1.065 scheme_bytes=511064 minor_faults=0 voluntary_switches=1 involuntary_switches=62 thread_cpu_ms=6.870 wall_minus_thread_cpu_ms=20.101
UTF8-COST jobs=1000 phase=validation sample=7 wall_ms=3.008 cpu_ms=2.263 gc_cpu_ms=0.000 gc_wall_ms=0.000 scheme_bytes=56 minor_faults=0 voluntary_switches=0 involuntary_switches=6 thread_cpu_ms=2.256 wall_minus_thread_cpu_ms=0.752
UTF8-COST jobs=1000 phase=entry sample=7 wall_ms=0.921 cpu_ms=0.556 gc_cpu_ms=0.300 gc_wall_ms=0.672 scheme_bytes=603296 minor_faults=0 voluntary_switches=0 involuntary_switches=1 thread_cpu_ms=0.550 wall_minus_thread_cpu_ms=0.371
UTF8-COST jobs=1000 phase=owned sample=8 wall_ms=22.429 cpu_ms=8.223 gc_cpu_ms=0.000 gc_wall_ms=0.000 scheme_bytes=888056 minor_faults=0 voluntary_switches=0 involuntary_switches=64 thread_cpu_ms=8.219 wall_minus_thread_cpu_ms=14.211
UTF8-COST jobs=1000 phase=length sample=8 wall_ms=0.067 cpu_ms=0.070 gc_cpu_ms=0.000 gc_wall_ms=0.000 scheme_bytes=56056 minor_faults=0 voluntary_switches=0 involuntary_switches=0 thread_cpu_ms=0.068 wall_minus_thread_cpu_ms=-0.000
UTF8-COST jobs=1000 phase=allocation sample=8 wall_ms=0.026 cpu_ms=0.028 gc_cpu_ms=0.000 gc_wall_ms=0.000 scheme_bytes=56 minor_faults=0 voluntary_switches=0 involuntary_switches=0 thread_cpu_ms=0.027 wall_minus_thread_cpu_ms=-0.001
UTF8-COST jobs=1000 phase=encoding sample=8 wall_ms=15.625 cpu_ms=6.619 gc_cpu_ms=0.245 gc_wall_ms=1.623 scheme_bytes=527664 minor_faults=0 voluntary_switches=0 involuntary_switches=45 thread_cpu_ms=6.614 wall_minus_thread_cpu_ms=9.011
UTF8-COST jobs=1000 phase=validation sample=8 wall_ms=1.952 cpu_ms=0.995 gc_cpu_ms=0.000 gc_wall_ms=0.000 scheme_bytes=56 minor_faults=0 voluntary_switches=0 involuntary_switches=11 thread_cpu_ms=0.993 wall_minus_thread_cpu_ms=0.959
UTF8-COST jobs=1000 phase=entry sample=8 wall_ms=0.336 cpu_ms=0.106 gc_cpu_ms=0.000 gc_wall_ms=0.000 scheme_bytes=760056 minor_faults=0 voluntary_switches=0 involuntary_switches=1 thread_cpu_ms=0.105 wall_minus_thread_cpu_ms=0.231
UTF8-COST jobs=1000 phase=dispatch sample=8 wall_ms=0.684 cpu_ms=0.489 gc_cpu_ms=0.191 gc_wall_ms=0.191 scheme_bytes=675376 minor_faults=0 voluntary_switches=0 involuntary_switches=1 thread_cpu_ms=0.488 wall_minus_thread_cpu_ms=0.196
UTF8-COST jobs=1000 phase=length sample=9 wall_ms=0.065 cpu_ms=0.066 gc_cpu_ms=0.000 gc_wall_ms=0.000 scheme_bytes=56056 minor_faults=0 voluntary_switches=0 involuntary_switches=0 thread_cpu_ms=0.065 wall_minus_thread_cpu_ms=-0.000
UTF8-COST jobs=1000 phase=allocation sample=9 wall_ms=0.026 cpu_ms=0.028 gc_cpu_ms=0.000 gc_wall_ms=0.000 scheme_bytes=56 minor_faults=0 voluntary_switches=0 involuntary_switches=0 thread_cpu_ms=0.027 wall_minus_thread_cpu_ms=-0.000
UTF8-COST jobs=1000 phase=encoding sample=9 wall_ms=7.983 cpu_ms=5.534 gc_cpu_ms=0.192 gc_wall_ms=0.191 scheme_bytes=568056 minor_faults=0 voluntary_switches=0 involuntary_switches=14 thread_cpu_ms=5.532 wall_minus_thread_cpu_ms=2.451
UTF8-COST jobs=1000 phase=validation sample=9 wall_ms=0.960 cpu_ms=0.962 gc_cpu_ms=0.000 gc_wall_ms=0.000 scheme_bytes=56 minor_faults=0 voluntary_switches=0 involuntary_switches=0 thread_cpu_ms=0.961 wall_minus_thread_cpu_ms=-0.000
UTF8-COST jobs=1000 phase=entry sample=9 wall_ms=0.098 cpu_ms=0.100 gc_cpu_ms=0.000 gc_wall_ms=0.000 scheme_bytes=760056 minor_faults=0 voluntary_switches=0 involuntary_switches=0 thread_cpu_ms=0.098 wall_minus_thread_cpu_ms=-0.001
UTF8-COST jobs=1000 phase=dispatch sample=9 wall_ms=0.412 cpu_ms=0.414 gc_cpu_ms=0.128 gc_wall_ms=0.127 scheme_bytes=675448 minor_faults=0 voluntary_switches=0 involuntary_switches=0 thread_cpu_ms=0.412 wall_minus_thread_cpu_ms=-0.001
UTF8-COST jobs=1000 phase=owned sample=9 wall_ms=15.239 cpu_ms=6.215 gc_cpu_ms=0.000 gc_wall_ms=0.000 scheme_bytes=888056 minor_faults=0 voluntary_switches=0 involuntary_switches=32 thread_cpu_ms=6.210 wall_minus_thread_cpu_ms=9.029
UTF8-COST jobs=1000 phase=allocation sample=10 wall_ms=0.026 cpu_ms=0.028 gc_cpu_ms=0.000 gc_wall_ms=0.000 scheme_bytes=56 minor_faults=0 voluntary_switches=0 involuntary_switches=0 thread_cpu_ms=0.026 wall_minus_thread_cpu_ms=-0.000
UTF8-COST jobs=1000 phase=encoding sample=10 wall_ms=9.058 cpu_ms=5.442 gc_cpu_ms=0.247 gc_wall_ms=0.247 scheme_bytes=568752 minor_faults=0 voluntary_switches=0 involuntary_switches=18 thread_cpu_ms=5.441 wall_minus_thread_cpu_ms=3.618
UTF8-COST jobs=1000 phase=validation sample=10 wall_ms=51.163 cpu_ms=1.266 gc_cpu_ms=0.000 gc_wall_ms=0.000 scheme_bytes=56 minor_faults=0 voluntary_switches=0 involuntary_switches=6 thread_cpu_ms=1.258 wall_minus_thread_cpu_ms=49.906
UTF8-COST jobs=1000 phase=entry sample=10 wall_ms=0.105 cpu_ms=0.108 gc_cpu_ms=0.000 gc_wall_ms=0.000 scheme_bytes=760056 minor_faults=0 voluntary_switches=0 involuntary_switches=0 thread_cpu_ms=0.106 wall_minus_thread_cpu_ms=-0.001
UTF8-COST jobs=1000 phase=dispatch sample=10 wall_ms=0.768 cpu_ms=0.505 gc_cpu_ms=0.191 gc_wall_ms=0.190 scheme_bytes=683640 minor_faults=0 voluntary_switches=0 involuntary_switches=3 thread_cpu_ms=0.503 wall_minus_thread_cpu_ms=0.264
UTF8-COST jobs=1000 phase=owned sample=10 wall_ms=91.090 cpu_ms=6.496 gc_cpu_ms=0.310 gc_wall_ms=13.772 scheme_bytes=632744 minor_faults=0 voluntary_switches=0 involuntary_switches=29 thread_cpu_ms=6.493 wall_minus_thread_cpu_ms=84.597
UTF8-COST jobs=1000 phase=length sample=10 wall_ms=0.066 cpu_ms=0.068 gc_cpu_ms=0.000 gc_wall_ms=0.000 scheme_bytes=56056 minor_faults=0 voluntary_switches=0 involuntary_switches=0 thread_cpu_ms=0.067 wall_minus_thread_cpu_ms=-0.000
UTF8-COST jobs=1000 phase=encoding sample=11 wall_ms=85.679 cpu_ms=6.302 gc_cpu_ms=0.000 gc_wall_ms=0.000 scheme_bytes=832056 minor_faults=0 voluntary_switches=0 involuntary_switches=41 thread_cpu_ms=6.300 wall_minus_thread_cpu_ms=79.379
UTF8-COST jobs=1000 phase=validation sample=11 wall_ms=4.264 cpu_ms=1.730 gc_cpu_ms=0.000 gc_wall_ms=0.000 scheme_bytes=56 minor_faults=0 voluntary_switches=0 involuntary_switches=7 thread_cpu_ms=1.725 wall_minus_thread_cpu_ms=2.538
UTF8-COST jobs=1000 phase=entry sample=11 wall_ms=1.264 cpu_ms=0.560 gc_cpu_ms=0.385 gc_wall_ms=1.093 scheme_bytes=504544 minor_faults=0 voluntary_switches=0 involuntary_switches=2 thread_cpu_ms=0.557 wall_minus_thread_cpu_ms=0.706
UTF8-COST jobs=1000 phase=dispatch sample=11 wall_ms=0.281 cpu_ms=0.284 gc_cpu_ms=0.000 gc_wall_ms=0.000 scheme_bytes=832056 minor_faults=0 voluntary_switches=0 involuntary_switches=0 thread_cpu_ms=0.282 wall_minus_thread_cpu_ms=-0.001
UTF8-COST jobs=1000 phase=owned sample=11 wall_ms=13.212 cpu_ms=9.303 gc_cpu_ms=0.200 gc_wall_ms=0.238 scheme_bytes=706808 minor_faults=0 voluntary_switches=1 involuntary_switches=65 thread_cpu_ms=9.301 wall_minus_thread_cpu_ms=3.911
UTF8-COST jobs=1000 phase=length sample=11 wall_ms=0.111 cpu_ms=0.076 gc_cpu_ms=0.000 gc_wall_ms=0.000 scheme_bytes=56056 minor_faults=0 voluntary_switches=0 involuntary_switches=2 thread_cpu_ms=0.074 wall_minus_thread_cpu_ms=0.036
UTF8-COST jobs=1000 phase=allocation sample=11 wall_ms=0.026 cpu_ms=0.027 gc_cpu_ms=0.000 gc_wall_ms=0.000 scheme_bytes=56 minor_faults=0 voluntary_switches=0 involuntary_switches=0 thread_cpu_ms=0.026 wall_minus_thread_cpu_ms=-0.001
UTF8-COST jobs=1000 phase=validation sample=12 wall_ms=3.260 cpu_ms=1.140 gc_cpu_ms=0.000 gc_wall_ms=0.000 scheme_bytes=56 minor_faults=0 voluntary_switches=0 involuntary_switches=16 thread_cpu_ms=1.139 wall_minus_thread_cpu_ms=2.122
UTF8-COST jobs=1000 phase=entry sample=12 wall_ms=0.331 cpu_ms=0.313 gc_cpu_ms=0.196 gc_wall_ms=0.196 scheme_bytes=496792 minor_faults=0 voluntary_switches=0 involuntary_switches=1 thread_cpu_ms=0.310 wall_minus_thread_cpu_ms=0.021
UTF8-COST jobs=1000 phase=dispatch sample=12 wall_ms=0.277 cpu_ms=0.280 gc_cpu_ms=0.000 gc_wall_ms=0.000 scheme_bytes=832056 minor_faults=0 voluntary_switches=0 involuntary_switches=0 thread_cpu_ms=0.278 wall_minus_thread_cpu_ms=-0.001
UTF8-COST jobs=1000 phase=owned sample=12 wall_ms=22.431 cpu_ms=7.992 gc_cpu_ms=0.235 gc_wall_ms=0.413 scheme_bytes=665664 minor_faults=0 voluntary_switches=0 involuntary_switches=105 thread_cpu_ms=7.990 wall_minus_thread_cpu_ms=14.441
UTF8-COST jobs=1000 phase=length sample=12 wall_ms=0.066 cpu_ms=0.067 gc_cpu_ms=0.000 gc_wall_ms=0.000 scheme_bytes=56056 minor_faults=0 voluntary_switches=0 involuntary_switches=0 thread_cpu_ms=0.066 wall_minus_thread_cpu_ms=-0.001
UTF8-COST jobs=1000 phase=allocation sample=12 wall_ms=0.026 cpu_ms=0.027 gc_cpu_ms=0.000 gc_wall_ms=0.000 scheme_bytes=56 minor_faults=0 voluntary_switches=0 involuntary_switches=0 thread_cpu_ms=0.026 wall_minus_thread_cpu_ms=-0.000
UTF8-COST jobs=1000 phase=encoding sample=12 wall_ms=9.947 cpu_ms=6.977 gc_cpu_ms=0.000 gc_wall_ms=0.000 scheme_bytes=832056 minor_faults=0 voluntary_switches=0 involuntary_switches=38 thread_cpu_ms=6.974 wall_minus_thread_cpu_ms=2.973
UTF8-COST jobs=1000 phase=entry sample=13 wall_ms=0.338 cpu_ms=0.341 gc_cpu_ms=0.235 gc_wall_ms=0.235 scheme_bytes=471704 minor_faults=0 voluntary_switches=0 involuntary_switches=0 thread_cpu_ms=0.339 wall_minus_thread_cpu_ms=-0.001
UTF8-COST jobs=1000 phase=dispatch sample=13 wall_ms=1.034 cpu_ms=0.479 gc_cpu_ms=0.167 gc_wall_ms=0.243 scheme_bytes=675408 minor_faults=0 voluntary_switches=0 involuntary_switches=7 thread_cpu_ms=0.478 wall_minus_thread_cpu_ms=0.556
UTF8-COST jobs=1000 phase=owned sample=13 wall_ms=11.338 cpu_ms=7.498 gc_cpu_ms=0.000 gc_wall_ms=0.000 scheme_bytes=888056 minor_faults=0 voluntary_switches=0 involuntary_switches=45 thread_cpu_ms=7.496 wall_minus_thread_cpu_ms=3.842
UTF8-COST jobs=1000 phase=length sample=13 wall_ms=0.067 cpu_ms=0.069 gc_cpu_ms=0.000 gc_wall_ms=0.000 scheme_bytes=56056 minor_faults=0 voluntary_switches=0 involuntary_switches=0 thread_cpu_ms=0.068 wall_minus_thread_cpu_ms=-0.000
UTF8-COST jobs=1000 phase=allocation sample=13 wall_ms=0.026 cpu_ms=0.027 gc_cpu_ms=0.000 gc_wall_ms=0.000 scheme_bytes=56 minor_faults=0 voluntary_switches=0 involuntary_switches=0 thread_cpu_ms=0.026 wall_minus_thread_cpu_ms=-0.000
UTF8-COST jobs=1000 phase=encoding sample=13 wall_ms=7.515 cpu_ms=5.453 gc_cpu_ms=0.231 gc_wall_ms=0.231 scheme_bytes=519384 minor_faults=0 voluntary_switches=0 involuntary_switches=18 thread_cpu_ms=5.450 wall_minus_thread_cpu_ms=2.065
UTF8-COST jobs=1000 phase=validation sample=13 wall_ms=3.613 cpu_ms=1.238 gc_cpu_ms=0.000 gc_wall_ms=0.000 scheme_bytes=56 minor_faults=0 voluntary_switches=0 involuntary_switches=10 thread_cpu_ms=1.235 wall_minus_thread_cpu_ms=2.378
UTF8-COST jobs=1000 phase=dispatch sample=14 wall_ms=0.283 cpu_ms=0.285 gc_cpu_ms=0.000 gc_wall_ms=0.000 scheme_bytes=832056 minor_faults=0 voluntary_switches=0 involuntary_switches=0 thread_cpu_ms=0.283 wall_minus_thread_cpu_ms=-0.001
UTF8-COST jobs=1000 phase=owned sample=14 wall_ms=23.147 cpu_ms=7.522 gc_cpu_ms=0.180 gc_wall_ms=0.181 scheme_bytes=665208 minor_faults=0 voluntary_switches=1 involuntary_switches=68 thread_cpu_ms=7.519 wall_minus_thread_cpu_ms=15.628
UTF8-COST jobs=1000 phase=length sample=14 wall_ms=0.144 cpu_ms=0.149 gc_cpu_ms=0.000 gc_wall_ms=0.000 scheme_bytes=56056 minor_faults=0 voluntary_switches=0 involuntary_switches=0 thread_cpu_ms=0.146 wall_minus_thread_cpu_ms=-0.002
UTF8-COST jobs=1000 phase=allocation sample=14 wall_ms=0.061 cpu_ms=0.067 gc_cpu_ms=0.000 gc_wall_ms=0.000 scheme_bytes=56 minor_faults=0 voluntary_switches=0 involuntary_switches=0 thread_cpu_ms=0.062 wall_minus_thread_cpu_ms=-0.001
UTF8-COST jobs=1000 phase=encoding sample=14 wall_ms=11.943 cpu_ms=6.450 gc_cpu_ms=0.225 gc_wall_ms=0.223 scheme_bytes=527496 minor_faults=0 voluntary_switches=1 involuntary_switches=54 thread_cpu_ms=6.445 wall_minus_thread_cpu_ms=5.497
UTF8-COST jobs=1000 phase=validation sample=14 wall_ms=2.650 cpu_ms=1.122 gc_cpu_ms=0.000 gc_wall_ms=0.000 scheme_bytes=56 minor_faults=0 voluntary_switches=0 involuntary_switches=28 thread_cpu_ms=1.116 wall_minus_thread_cpu_ms=1.533
UTF8-COST jobs=1000 phase=entry sample=14 wall_ms=0.098 cpu_ms=0.128 gc_cpu_ms=0.000 gc_wall_ms=0.000 scheme_bytes=760056 minor_faults=0 voluntary_switches=0 involuntary_switches=0 thread_cpu_ms=0.099 wall_minus_thread_cpu_ms=-0.001
UTF8-COST jobs=1000 phase=owned sample=15 wall_ms=31.465 cpu_ms=7.849 gc_cpu_ms=0.433 gc_wall_ms=0.549 scheme_bytes=715168 minor_faults=0 voluntary_switches=0 involuntary_switches=68 thread_cpu_ms=7.845 wall_minus_thread_cpu_ms=23.620
UTF8-COST jobs=1000 phase=length sample=15 wall_ms=0.420 cpu_ms=0.135 gc_cpu_ms=0.000 gc_wall_ms=0.000 scheme_bytes=56056 minor_faults=0 voluntary_switches=0 involuntary_switches=1 thread_cpu_ms=0.129 wall_minus_thread_cpu_ms=0.291
UTF8-COST jobs=1000 phase=allocation sample=15 wall_ms=0.026 cpu_ms=0.028 gc_cpu_ms=0.000 gc_wall_ms=0.000 scheme_bytes=56 minor_faults=0 voluntary_switches=0 involuntary_switches=0 thread_cpu_ms=0.027 wall_minus_thread_cpu_ms=-0.000
UTF8-COST jobs=1000 phase=encoding sample=15 wall_ms=137.471 cpu_ms=5.798 gc_cpu_ms=0.000 gc_wall_ms=0.000 scheme_bytes=832056 minor_faults=0 voluntary_switches=0 involuntary_switches=53 thread_cpu_ms=5.791 wall_minus_thread_cpu_ms=131.680
UTF8-COST jobs=1000 phase=validation sample=15 wall_ms=23.997 cpu_ms=2.238 gc_cpu_ms=0.000 gc_wall_ms=0.000 scheme_bytes=56 minor_faults=0 voluntary_switches=0 involuntary_switches=29 thread_cpu_ms=2.226 wall_minus_thread_cpu_ms=21.772
UTF8-COST jobs=1000 phase=entry sample=15 wall_ms=0.760 cpu_ms=0.748 gc_cpu_ms=0.467 gc_wall_ms=0.468 scheme_bytes=463520 minor_faults=0 voluntary_switches=0 involuntary_switches=2 thread_cpu_ms=0.745 wall_minus_thread_cpu_ms=0.015
UTF8-COST jobs=1000 phase=dispatch sample=15 wall_ms=0.965 cpu_ms=0.969 gc_cpu_ms=0.287 gc_wall_ms=0.286 scheme_bytes=675448 minor_faults=0 voluntary_switches=0 involuntary_switches=0 thread_cpu_ms=0.966 wall_minus_thread_cpu_ms=-0.001
UTF8-COST jobs=1000 phase=length sample=16 wall_ms=0.135 cpu_ms=0.151 gc_cpu_ms=0.000 gc_wall_ms=0.000 scheme_bytes=56056 minor_faults=0 voluntary_switches=0 involuntary_switches=1 thread_cpu_ms=0.148 wall_minus_thread_cpu_ms=-0.013
UTF8-COST jobs=1000 phase=allocation sample=16 wall_ms=0.493 cpu_ms=0.079 gc_cpu_ms=0.000 gc_wall_ms=0.000 scheme_bytes=56 minor_faults=0 voluntary_switches=0 involuntary_switches=2 thread_cpu_ms=0.075 wall_minus_thread_cpu_ms=0.418
UTF8-COST jobs=1000 phase=encoding sample=16 wall_ms=182.165 cpu_ms=7.435 gc_cpu_ms=0.000 gc_wall_ms=0.000 scheme_bytes=832056 minor_faults=0 voluntary_switches=0 involuntary_switches=58 thread_cpu_ms=7.432 wall_minus_thread_cpu_ms=174.733
UTF8-COST jobs=1000 phase=validation sample=16 wall_ms=3.358 cpu_ms=1.070 gc_cpu_ms=0.000 gc_wall_ms=0.000 scheme_bytes=56 minor_faults=0 voluntary_switches=0 involuntary_switches=31 thread_cpu_ms=1.067 wall_minus_thread_cpu_ms=2.292
UTF8-COST jobs=1000 phase=entry sample=16 wall_ms=1.318 cpu_ms=0.422 gc_cpu_ms=0.293 gc_wall_ms=1.198 scheme_bytes=520840 minor_faults=0 voluntary_switches=0 involuntary_switches=5 thread_cpu_ms=0.420 wall_minus_thread_cpu_ms=0.898
UTF8-COST jobs=1000 phase=dispatch sample=16 wall_ms=0.915 cpu_ms=0.323 gc_cpu_ms=0.000 gc_wall_ms=0.000 scheme_bytes=832056 minor_faults=0 voluntary_switches=0 involuntary_switches=8 thread_cpu_ms=0.322 wall_minus_thread_cpu_ms=0.593
UTF8-COST jobs=1000 phase=owned sample=16 wall_ms=15.723 cpu_ms=7.140 gc_cpu_ms=0.221 gc_wall_ms=2.467 scheme_bytes=698560 minor_faults=0 voluntary_switches=0 involuntary_switches=32 thread_cpu_ms=7.136 wall_minus_thread_cpu_ms=8.587
UTF8-COST jobs=1000 phase=allocation sample=17 wall_ms=0.026 cpu_ms=0.027 gc_cpu_ms=0.000 gc_wall_ms=0.000 scheme_bytes=56 minor_faults=0 voluntary_switches=0 involuntary_switches=0 thread_cpu_ms=0.026 wall_minus_thread_cpu_ms=-0.000
UTF8-COST jobs=1000 phase=encoding sample=17 wall_ms=10.572 cpu_ms=7.132 gc_cpu_ms=0.435 gc_wall_ms=0.433 scheme_bytes=576848 minor_faults=0 voluntary_switches=0 involuntary_switches=27 thread_cpu_ms=7.130 wall_minus_thread_cpu_ms=3.442
UTF8-COST jobs=1000 phase=validation sample=17 wall_ms=4.092 cpu_ms=1.378 gc_cpu_ms=0.000 gc_wall_ms=0.000 scheme_bytes=56 minor_faults=0 voluntary_switches=0 involuntary_switches=4 thread_cpu_ms=1.374 wall_minus_thread_cpu_ms=2.718
UTF8-COST jobs=1000 phase=entry sample=17 wall_ms=1.605 cpu_ms=0.162 gc_cpu_ms=0.000 gc_wall_ms=0.000 scheme_bytes=760056 minor_faults=0 voluntary_switches=0 involuntary_switches=16 thread_cpu_ms=0.161 wall_minus_thread_cpu_ms=1.445
UTF8-COST jobs=1000 phase=dispatch sample=17 wall_ms=2.654 cpu_ms=0.524 gc_cpu_ms=0.204 gc_wall_ms=1.847 scheme_bytes=675376 minor_faults=0 voluntary_switches=0 involuntary_switches=5 thread_cpu_ms=0.521 wall_minus_thread_cpu_ms=2.133
UTF8-COST jobs=1000 phase=owned sample=17 wall_ms=28.579 cpu_ms=6.642 gc_cpu_ms=0.000 gc_wall_ms=0.000 scheme_bytes=888056 minor_faults=0 voluntary_switches=0 involuntary_switches=91 thread_cpu_ms=6.636 wall_minus_thread_cpu_ms=21.943
UTF8-COST jobs=1000 phase=length sample=17 wall_ms=0.070 cpu_ms=0.071 gc_cpu_ms=0.000 gc_wall_ms=0.000 scheme_bytes=56056 minor_faults=0 voluntary_switches=0 involuntary_switches=0 thread_cpu_ms=0.070 wall_minus_thread_cpu_ms=-0.001
UTF8-COST jobs=1000 phase=encoding sample=18 wall_ms=25.632 cpu_ms=6.526 gc_cpu_ms=0.494 gc_wall_ms=0.493 scheme_bytes=511088 minor_faults=0 voluntary_switches=0 involuntary_switches=55 thread_cpu_ms=6.524 wall_minus_thread_cpu_ms=19.108
UTF8-COST jobs=1000 phase=validation sample=18 wall_ms=3.624 cpu_ms=2.039 gc_cpu_ms=0.000 gc_wall_ms=0.000 scheme_bytes=56 minor_faults=0 voluntary_switches=0 involuntary_switches=6 thread_cpu_ms=2.038 wall_minus_thread_cpu_ms=1.586
UTF8-COST jobs=1000 phase=entry sample=18 wall_ms=0.296 cpu_ms=0.299 gc_cpu_ms=0.185 gc_wall_ms=0.184 scheme_bytes=611544 minor_faults=0 voluntary_switches=0 involuntary_switches=0 thread_cpu_ms=0.297 wall_minus_thread_cpu_ms=-0.001
UTF8-COST jobs=1000 phase=dispatch sample=18 wall_ms=0.941 cpu_ms=0.308 gc_cpu_ms=0.000 gc_wall_ms=0.000 scheme_bytes=832056 minor_faults=0 voluntary_switches=0 involuntary_switches=6 thread_cpu_ms=0.307 wall_minus_thread_cpu_ms=0.634
UTF8-COST jobs=1000 phase=owned sample=18 wall_ms=176.983 cpu_ms=7.092 gc_cpu_ms=0.201 gc_wall_ms=0.232 scheme_bytes=641032 minor_faults=0 voluntary_switches=0 involuntary_switches=85 thread_cpu_ms=7.089 wall_minus_thread_cpu_ms=169.894
UTF8-COST jobs=1000 phase=length sample=18 wall_ms=0.065 cpu_ms=0.068 gc_cpu_ms=0.000 gc_wall_ms=0.000 scheme_bytes=56056 minor_faults=0 voluntary_switches=0 involuntary_switches=0 thread_cpu_ms=0.066 wall_minus_thread_cpu_ms=-0.000
UTF8-COST jobs=1000 phase=allocation sample=18 wall_ms=0.026 cpu_ms=0.027 gc_cpu_ms=0.000 gc_wall_ms=0.000 scheme_bytes=56 minor_faults=0 voluntary_switches=0 involuntary_switches=0 thread_cpu_ms=0.026 wall_minus_thread_cpu_ms=-0.000
UTF8-COST jobs=1000 phase=validation sample=19 wall_ms=0.960 cpu_ms=0.961 gc_cpu_ms=0.000 gc_wall_ms=0.000 scheme_bytes=56 minor_faults=0 voluntary_switches=0 involuntary_switches=0 thread_cpu_ms=0.960 wall_minus_thread_cpu_ms=-0.000
UTF8-COST jobs=1000 phase=entry sample=19 wall_ms=4.934 cpu_ms=0.155 gc_cpu_ms=0.000 gc_wall_ms=0.000 scheme_bytes=760056 minor_faults=0 voluntary_switches=0 involuntary_switches=3 thread_cpu_ms=0.153 wall_minus_thread_cpu_ms=4.781
UTF8-COST jobs=1000 phase=dispatch sample=19 wall_ms=137.714 cpu_ms=0.738 gc_cpu_ms=0.200 gc_wall_ms=0.199 scheme_bytes=609848 minor_faults=0 voluntary_switches=1 involuntary_switches=11 thread_cpu_ms=0.736 wall_minus_thread_cpu_ms=136.978
UTF8-COST jobs=1000 phase=owned sample=19 wall_ms=101.366 cpu_ms=6.718 gc_cpu_ms=0.217 gc_wall_ms=0.215 scheme_bytes=624648 minor_faults=0 voluntary_switches=0 involuntary_switches=40 thread_cpu_ms=6.716 wall_minus_thread_cpu_ms=94.650
UTF8-COST jobs=1000 phase=length sample=19 wall_ms=0.069 cpu_ms=0.072 gc_cpu_ms=0.000 gc_wall_ms=0.000 scheme_bytes=56056 minor_faults=0 voluntary_switches=0 involuntary_switches=0 thread_cpu_ms=0.070 wall_minus_thread_cpu_ms=-0.000
UTF8-COST jobs=1000 phase=allocation sample=19 wall_ms=0.026 cpu_ms=0.028 gc_cpu_ms=0.000 gc_wall_ms=0.000 scheme_bytes=56 minor_faults=0 voluntary_switches=0 involuntary_switches=0 thread_cpu_ms=0.026 wall_minus_thread_cpu_ms=-0.000
UTF8-COST jobs=1000 phase=encoding sample=19 wall_ms=8.827 cpu_ms=5.336 gc_cpu_ms=0.000 gc_wall_ms=0.000 scheme_bytes=832056 minor_faults=0 voluntary_switches=1 involuntary_switches=22 thread_cpu_ms=5.333 wall_minus_thread_cpu_ms=3.494
UTF8-COST jobs=1000 phase=entry sample=20 wall_ms=0.291 cpu_ms=0.293 gc_cpu_ms=0.190 gc_wall_ms=0.191 scheme_bytes=537400 minor_faults=0 voluntary_switches=0 involuntary_switches=0 thread_cpu_ms=0.292 wall_minus_thread_cpu_ms=-0.001
UTF8-COST jobs=1000 phase=dispatch sample=20 wall_ms=0.281 cpu_ms=0.283 gc_cpu_ms=0.000 gc_wall_ms=0.000 scheme_bytes=832056 minor_faults=0 voluntary_switches=0 involuntary_switches=0 thread_cpu_ms=0.282 wall_minus_thread_cpu_ms=-0.001
UTF8-COST jobs=1000 phase=owned sample=20 wall_ms=39.501 cpu_ms=7.265 gc_cpu_ms=0.194 gc_wall_ms=0.193 scheme_bytes=673888 minor_faults=0 voluntary_switches=0 involuntary_switches=27 thread_cpu_ms=7.262 wall_minus_thread_cpu_ms=32.239
UTF8-COST jobs=1000 phase=length sample=20 wall_ms=0.066 cpu_ms=0.067 gc_cpu_ms=0.000 gc_wall_ms=0.000 scheme_bytes=56056 minor_faults=0 voluntary_switches=0 involuntary_switches=0 thread_cpu_ms=0.066 wall_minus_thread_cpu_ms=-0.001
UTF8-COST jobs=1000 phase=allocation sample=20 wall_ms=0.026 cpu_ms=0.027 gc_cpu_ms=0.000 gc_wall_ms=0.000 scheme_bytes=56 minor_faults=0 voluntary_switches=0 involuntary_switches=0 thread_cpu_ms=0.026 wall_minus_thread_cpu_ms=-0.001
UTF8-COST jobs=1000 phase=encoding sample=20 wall_ms=241.555 cpu_ms=7.397 gc_cpu_ms=0.222 gc_wall_ms=0.221 scheme_bytes=535544 minor_faults=0 voluntary_switches=1 involuntary_switches=69 thread_cpu_ms=7.394 wall_minus_thread_cpu_ms=234.161
UTF8-COST jobs=1000 phase=validation sample=20 wall_ms=9.097 cpu_ms=1.486 gc_cpu_ms=0.000 gc_wall_ms=0.000 scheme_bytes=56 minor_faults=0 voluntary_switches=0 involuntary_switches=12 thread_cpu_ms=1.468 wall_minus_thread_cpu_ms=7.629
UTF8-COST-SUMMARY jobs=1000 phase=owned samples=20 wall_ms=22.430 cpu_ms=7.202 gc_cpu_ms=0.197 gc_wall_ms=0.200 scheme_bytes=702684 minor_faults=0 voluntary_switches=0 involuntary_switches=54 thread_cpu_ms=7.199
UTF8-COST-SUMMARY jobs=1000 phase=length samples=20 wall_ms=0.068 cpu_ms=0.071 gc_cpu_ms=0.000 gc_wall_ms=0.000 scheme_bytes=56056 minor_faults=0 voluntary_switches=0 involuntary_switches=0 thread_cpu_ms=0.069
UTF8-COST-SUMMARY jobs=1000 phase=allocation samples=20 wall_ms=0.026 cpu_ms=0.027 gc_cpu_ms=0.000 gc_wall_ms=0.000 scheme_bytes=56 minor_faults=0 voluntary_switches=0 involuntary_switches=0 thread_cpu_ms=0.026
UTF8-COST-SUMMARY jobs=1000 phase=encoding samples=20 wall_ms=16.351 cpu_ms=6.376 gc_cpu_ms=0.203 gc_wall_ms=0.202 scheme_bytes=572800 minor_faults=0 voluntary_switches=0 involuntary_switches=44 thread_cpu_ms=6.372
UTF8-COST-SUMMARY jobs=1000 phase=validation samples=20 wall_ms=3.134 cpu_ms=1.189 gc_cpu_ms=0.000 gc_wall_ms=0.000 scheme_bytes=56 minor_faults=0 voluntary_switches=0 involuntary_switches=9 thread_cpu_ms=1.187
UTF8-COST-SUMMARY jobs=1000 phase=entry samples=20 wall_ms=0.337 cpu_ms=0.296 gc_cpu_ms=0.187 gc_wall_ms=0.188 scheme_bytes=607420 minor_faults=0 voluntary_switches=0 involuntary_switches=1 thread_cpu_ms=0.294
UTF8-COST-SUMMARY jobs=1000 phase=dispatch samples=20 wall_ms=0.891 cpu_ms=0.476 gc_cpu_ms=0.170 gc_wall_ms=0.175 scheme_bytes=683652 minor_faults=0 voluntary_switches=0 involuntary_switches=2 thread_cpu_ms=0.475
UTF8-COST jobs=10000 phase=owned sample=1 wall_ms=194.320 cpu_ms=71.928 gc_cpu_ms=1.749 gc_wall_ms=2.795 scheme_bytes=7104824 minor_faults=0 voluntary_switches=2 involuntary_switches=671 thread_cpu_ms=71.925 wall_minus_thread_cpu_ms=122.395
UTF8-COST jobs=10000 phase=length sample=1 wall_ms=0.682 cpu_ms=0.684 gc_cpu_ms=0.000 gc_wall_ms=0.000 scheme_bytes=560056 minor_faults=30 voluntary_switches=0 involuntary_switches=0 thread_cpu_ms=0.683 wall_minus_thread_cpu_ms=-0.001
UTF8-COST jobs=10000 phase=allocation sample=1 wall_ms=0.403 cpu_ms=0.261 gc_cpu_ms=0.000 gc_wall_ms=0.000 scheme_bytes=56 minor_faults=0 voluntary_switches=0 involuntary_switches=1 thread_cpu_ms=0.259 wall_minus_thread_cpu_ms=0.143
UTF8-COST jobs=10000 phase=encoding sample=1 wall_ms=373.800 cpu_ms=63.320 gc_cpu_ms=2.087 gc_wall_ms=22.936 scheme_bytes=6489224 minor_faults=4 voluntary_switches=2 involuntary_switches=720 thread_cpu_ms=63.315 wall_minus_thread_cpu_ms=310.485
UTF8-COST jobs=10000 phase=validation sample=1 wall_ms=22.673 cpu_ms=13.394 gc_cpu_ms=0.000 gc_wall_ms=0.000 scheme_bytes=56 minor_faults=0 voluntary_switches=1 involuntary_switches=78 thread_cpu_ms=13.383 wall_minus_thread_cpu_ms=9.290
UTF8-COST jobs=10000 phase=entry sample=1 wall_ms=9.090 cpu_ms=3.368 gc_cpu_ms=1.334 gc_wall_ms=1.955 scheme_bytes=7073008 minor_faults=0 voluntary_switches=0 involuntary_switches=63 thread_cpu_ms=3.362 wall_minus_thread_cpu_ms=5.728
UTF8-COST jobs=10000 phase=dispatch sample=1 wall_ms=22.465 cpu_ms=4.731 gc_cpu_ms=1.097 gc_wall_ms=3.097 schem…669 tokens truncated…witches=2 thread_cpu_ms=1.610 wall_minus_thread_cpu_ms=1.295
UTF8-COST jobs=10000 phase=dispatch sample=3 wall_ms=7.958 cpu_ms=3.837 gc_cpu_ms=0.859 gc_wall_ms=0.944 scheme_bytes=7123264 minor_faults=0 voluntary_switches=1 involuntary_switches=16 thread_cpu_ms=3.836 wall_minus_thread_cpu_ms=4.122
UTF8-COST jobs=10000 phase=owned sample=3 wall_ms=377.507 cpu_ms=70.772 gc_cpu_ms=1.827 gc_wall_ms=14.115 scheme_bytes=7153512 minor_faults=0 voluntary_switches=3 involuntary_switches=383 thread_cpu_ms=70.770 wall_minus_thread_cpu_ms=306.737
UTF8-COST jobs=10000 phase=length sample=3 wall_ms=0.752 cpu_ms=0.685 gc_cpu_ms=0.000 gc_wall_ms=0.000 scheme_bytes=560056 minor_faults=5 voluntary_switches=0 involuntary_switches=2 thread_cpu_ms=0.680 wall_minus_thread_cpu_ms=0.072
UTF8-COST jobs=10000 phase=encoding sample=4 wall_ms=137.717 cpu_ms=62.768 gc_cpu_ms=1.716 gc_wall_ms=2.806 scheme_bytes=6440448 minor_faults=0 voluntary_switches=3 involuntary_switches=562 thread_cpu_ms=62.765 wall_minus_thread_cpu_ms=74.952
UTF8-COST jobs=10000 phase=validation sample=4 wall_ms=144.956 cpu_ms=11.615 gc_cpu_ms=0.000 gc_wall_ms=0.000 scheme_bytes=56 minor_faults=0 voluntary_switches=1 involuntary_switches=97 thread_cpu_ms=11.606 wall_minus_thread_cpu_ms=133.350
UTF8-COST jobs=10000 phase=entry sample=4 wall_ms=2.646 cpu_ms=1.828 gc_cpu_ms=0.791 gc_wall_ms=0.947 scheme_bytes=6907968 minor_faults=0 voluntary_switches=0 involuntary_switches=11 thread_cpu_ms=1.825 wall_minus_thread_cpu_ms=0.822
UTF8-COST jobs=10000 phase=dispatch sample=4 wall_ms=16.743 cpu_ms=4.220 gc_cpu_ms=1.033 gc_wall_ms=3.586 scheme_bytes=7073568 minor_faults=0 voluntary_switches=0 involuntary_switches=115 thread_cpu_ms=4.203 wall_minus_thread_cpu_ms=12.540
UTF8-COST jobs=10000 phase=owned sample=4 wall_ms=236.914 cpu_ms=77.295 gc_cpu_ms=1.989 gc_wall_ms=7.046 scheme_bytes=7129248 minor_faults=0 voluntary_switches=3 involuntary_switches=1085 thread_cpu_ms=77.293 wall_minus_thread_cpu_ms=159.622
UTF8-COST jobs=10000 phase=length sample=4 wall_ms=1.478 cpu_ms=0.714 gc_cpu_ms=0.000 gc_wall_ms=0.000 scheme_bytes=560056 minor_faults=0 voluntary_switches=0 involuntary_switches=9 thread_cpu_ms=0.713 wall_minus_thread_cpu_ms=0.765
UTF8-COST jobs=10000 phase=allocation sample=4 wall_ms=0.563 cpu_ms=0.271 gc_cpu_ms=0.000 gc_wall_ms=0.000 scheme_bytes=56 minor_faults=0 voluntary_switches=0 involuntary_switches=4 thread_cpu_ms=0.270 wall_minus_thread_cpu_ms=0.294
UTF8-COST jobs=10000 phase=validation sample=5 wall_ms=25.136 cpu_ms=12.395 gc_cpu_ms=0.000 gc_wall_ms=0.000 scheme_bytes=56 minor_faults=0 voluntary_switches=1 involuntary_switches=58 thread_cpu_ms=12.389 wall_minus_thread_cpu_ms=12.747
UTF8-COST jobs=10000 phase=entry sample=5 wall_ms=3.780 cpu_ms=2.118 gc_cpu_ms=1.054 gc_wall_ms=1.893 scheme_bytes=6373624 minor_faults=0 voluntary_switches=0 involuntary_switches=19 thread_cpu_ms=2.116 wall_minus_thread_cpu_ms=1.664
UTF8-COST jobs=10000 phase=dispatch sample=5 wall_ms=5.843 cpu_ms=3.999 gc_cpu_ms=0.832 gc_wall_ms=1.075 scheme_bytes=7048816 minor_faults=0 voluntary_switches=0 involuntary_switches=16 thread_cpu_ms=3.999 wall_minus_thread_cpu_ms=1.844
UTF8-COST jobs=10000 phase=owned sample=5 wall_ms=145.876 cpu_ms=73.231 gc_cpu_ms=1.539 gc_wall_ms=2.982 scheme_bytes=7112992 minor_faults=0 voluntary_switches=1 involuntary_switches=451 thread_cpu_ms=73.228 wall_minus_thread_cpu_ms=72.648
UTF8-COST jobs=10000 phase=length sample=5 wall_ms=1.368 cpu_ms=0.682 gc_cpu_ms=0.000 gc_wall_ms=0.000 scheme_bytes=560056 minor_faults=0 voluntary_switches=0 involuntary_switches=6 thread_cpu_ms=0.679 wall_minus_thread_cpu_ms=0.689
UTF8-COST jobs=10000 phase=allocation sample=5 wall_ms=0.679 cpu_ms=0.279 gc_cpu_ms=0.000 gc_wall_ms=0.000 scheme_bytes=56 minor_faults=0 voluntary_switches=0 involuntary_switches=4 thread_cpu_ms=0.276 wall_minus_thread_cpu_ms=0.403
UTF8-COST jobs=10000 phase=encoding sample=5 wall_ms=128.753 cpu_ms=57.371 gc_cpu_ms=1.663 gc_wall_ms=2.835 scheme_bytes=6489120 minor_faults=0 voluntary_switches=4 involuntary_switches=304 thread_cpu_ms=57.368 wall_minus_thread_cpu_ms=71.385
UTF8-COST jobs=10000 phase=entry sample=6 wall_ms=1.569 cpu_ms=1.571 gc_cpu_ms=0.595 gc_wall_ms=0.595 scheme_bytes=7072944 minor_faults=0 voluntary_switches=0 involuntary_switches=0 thread_cpu_ms=1.570 wall_minus_thread_cpu_ms=-0.001
UTF8-COST jobs=10000 phase=dispatch sample=6 wall_ms=5.863 cpu_ms=4.322 gc_cpu_ms=1.031 gc_wall_ms=1.158 scheme_bytes=7131520 minor_faults=0 voluntary_switches=1 involuntary_switches=10 thread_cpu_ms=4.320 wall_minus_thread_cpu_ms=1.542
UTF8-COST jobs=10000 phase=owned sample=6 wall_ms=72.716 cpu_ms=64.285 gc_cpu_ms=1.070 gc_wall_ms=1.068 scheme_bytes=7161672 minor_faults=0 voluntary_switches=3 involuntary_switches=41 thread_cpu_ms=64.283 wall_minus_thread_cpu_ms=8.433
UTF8-COST jobs=10000 phase=length sample=6 wall_ms=0.844 cpu_ms=0.845 gc_cpu_ms=0.194 gc_wall_ms=0.195 scheme_bytes=107616 minor_faults=0 voluntary_switches=0 involuntary_switches=0 thread_cpu_ms=0.845 wall_minus_thread_cpu_ms=-0.001
UTF8-COST jobs=10000 phase=allocation sample=6 wall_ms=0.249 cpu_ms=0.251 gc_cpu_ms=0.000 gc_wall_ms=0.000 scheme_bytes=56 minor_faults=0 voluntary_switches=0 involuntary_switches=0 thread_cpu_ms=0.250 wall_minus_thread_cpu_ms=-0.000
UTF8-COST jobs=10000 phase=encoding sample=6 wall_ms=100.555 cpu_ms=60.611 gc_cpu_ms=1.479 gc_wall_ms=3.140 scheme_bytes=6711264 minor_faults=0 voluntary_switches=5 involuntary_switches=141 thread_cpu_ms=60.610 wall_minus_thread_cpu_ms=39.945
UTF8-COST jobs=10000 phase=validation sample=6 wall_ms=15.483 cpu_ms=11.092 gc_cpu_ms=0.000 gc_wall_ms=0.000 scheme_bytes=56 minor_faults=0 voluntary_switches=1 involuntary_switches=22 thread_cpu_ms=11.081 wall_minus_thread_cpu_ms=4.402
UTF8-COST jobs=10000 phase=dispatch sample=7 wall_ms=22.243 cpu_ms=5.970 gc_cpu_ms=1.264 gc_wall_ms=1.333 scheme_bytes=7246856 minor_faults=0 voluntary_switches=0 involuntary_switches=13 thread_cpu_ms=5.965 wall_minus_thread_cpu_ms=16.277
UTF8-COST jobs=10000 phase=owned sample=7 wall_ms=130.828 cpu_ms=73.491 gc_cpu_ms=1.779 gc_wall_ms=3.596 scheme_bytes=6890224 minor_faults=0 voluntary_switches=2 involuntary_switches=392 thread_cpu_ms=73.486 wall_minus_thread_cpu_ms=57.341
UTF8-COST jobs=10000 phase=length sample=7 wall_ms=0.645 cpu_ms=0.647 gc_cpu_ms=0.000 gc_wall_ms=0.000 scheme_bytes=560056 minor_faults=0 voluntary_switches=0 involuntary_switches=0 thread_cpu_ms=0.646 wall_minus_thread_cpu_ms=-0.001
UTF8-COST jobs=10000 phase=allocation sample=7 wall_ms=0.250 cpu_ms=0.252 gc_cpu_ms=0.000 gc_wall_ms=0.000 scheme_bytes=56 minor_faults=0 voluntary_switches=0 involuntary_switches=0 thread_cpu_ms=0.250 wall_minus_thread_cpu_ms=-0.000
UTF8-COST jobs=10000 phase=encoding sample=7 wall_ms=73.139 cpu_ms=54.423 gc_cpu_ms=1.271 gc_wall_ms=1.268 scheme_bytes=6497352 minor_faults=0 voluntary_switches=3 involuntary_switches=84 thread_cpu_ms=54.420 wall_minus_thread_cpu_ms=18.719
UTF8-COST jobs=10000 phase=validation sample=7 wall_ms=20.535 cpu_ms=11.345 gc_cpu_ms=0.000 gc_wall_ms=0.000 scheme_bytes=56 minor_faults=0 voluntary_switches=0 involuntary_switches=47 thread_cpu_ms=11.335 wall_minus_thread_cpu_ms=9.199
UTF8-COST jobs=10000 phase=entry sample=7 wall_ms=3.882 cpu_ms=1.782 gc_cpu_ms=0.775 gc_wall_ms=2.883 scheme_bytes=7081240 minor_faults=0 voluntary_switches=0 involuntary_switches=7 thread_cpu_ms=1.780 wall_minus_thread_cpu_ms=2.102
UTF8-COST jobs=10000 phase=owned sample=8 wall_ms=102.735 cpu_ms=65.416 gc_cpu_ms=1.413 gc_wall_ms=2.986 scheme_bytes=7244496 minor_faults=0 voluntary_switches=0 involuntary_switches=162 thread_cpu_ms=65.414 wall_minus_thread_cpu_ms=37.322
UTF8-COST jobs=10000 phase=length sample=8 wall_ms=0.895 cpu_ms=0.896 gc_cpu_ms=0.248 gc_wall_ms=0.248 scheme_bytes=107600 minor_faults=0 voluntary_switches=0 involuntary_switches=0 thread_cpu_ms=0.896 wall_minus_thread_cpu_ms=-0.001
UTF8-COST jobs=10000 phase=allocation sample=8 wall_ms=0.390 cpu_ms=0.311 gc_cpu_ms=0.000 gc_wall_ms=0.000 scheme_bytes=56 minor_faults=0 voluntary_switches=0 involuntary_switches=1 thread_cpu_ms=0.302 wall_minus_thread_cpu_ms=0.088
UTF8-COST jobs=10000 phase=encoding sample=8 wall_ms=763.695 cpu_ms=64.627 gc_cpu_ms=1.989 gc_wall_ms=3.473 scheme_bytes=6703024 minor_faults=0 voluntary_switches=0 involuntary_switches=399 thread_cpu_ms=64.622 wall_minus_thread_cpu_ms=699.073
UTF8-COST jobs=10000 phase=validation sample=8 wall_ms=88.432 cpu_ms=10.247 gc_cpu_ms=0.000 gc_wall_ms=0.000 scheme_bytes=56 minor_faults=0 voluntary_switches=0 involuntary_switches=28 thread_cpu_ms=10.238 wall_minus_thread_cpu_ms=78.194
UTF8-COST jobs=10000 phase=entry sample=8 wall_ms=12.048 cpu_ms=2.511 gc_cpu_ms=0.953 gc_wall_ms=8.247 scheme_bytes=7097840 minor_faults=0 voluntary_switches=0 involuntary_switches=13 thread_cpu_ms=2.510 wall_minus_thread_cpu_ms=9.539
UTF8-COST jobs=10000 phase=dispatch sample=8 wall_ms=6.428 cpu_ms=3.632 gc_cpu_ms=0.825 gc_wall_ms=0.884 scheme_bytes=7098416 minor_faults=0 voluntary_switches=0 involuntary_switches=5 thread_cpu_ms=3.632 wall_minus_thread_cpu_ms=2.796
UTF8-COST jobs=10000 phase=length sample=9 wall_ms=0.656 cpu_ms=0.658 gc_cpu_ms=0.000 gc_wall_ms=0.000 scheme_bytes=560056 minor_faults=0 voluntary_switches=0 involuntary_switches=0 thread_cpu_ms=0.656 wall_minus_thread_cpu_ms=-0.001
UTF8-COST jobs=10000 phase=allocation sample=9 wall_ms=0.249 cpu_ms=0.250 gc_cpu_ms=0.000 gc_wall_ms=0.000 scheme_bytes=56 minor_faults=0 voluntary_switches=0 involuntary_switches=0 thread_cpu_ms=0.250 wall_minus_thread_cpu_ms=-0.001
UTF8-COST jobs=10000 phase=encoding sample=9 wall_ms=175.634 cpu_ms=60.669 gc_cpu_ms=1.435 gc_wall_ms=1.889 scheme_bytes=6513648 minor_faults=0 voluntary_switches=2 involuntary_switches=365 thread_cpu_ms=60.666 wall_minus_thread_cpu_ms=114.967
UTF8-COST jobs=10000 phase=validation sample=9 wall_ms=139.064 cpu_ms=11.323 gc_cpu_ms=0.000 gc_wall_ms=0.000 scheme_bytes=56 minor_faults=0 voluntary_switches=1 involuntary_switches=55 thread_cpu_ms=11.311 wall_minus_thread_cpu_ms=127.752
UTF8-COST jobs=10000 phase=entry sample=9 wall_ms=71.055 cpu_ms=2.127 gc_cpu_ms=0.960 gc_wall_ms=67.430 scheme_bytes=6941120 minor_faults=0 voluntary_switches=0 involuntary_switches=12 thread_cpu_ms=2.121 wall_minus_thread_cpu_ms=68.934
UTF8-COST jobs=10000 phase=dispatch sample=9 wall_ms=12.673 cpu_ms=4.787 gc_cpu_ms=1.197 gc_wall_ms=1.817 scheme_bytes=7255128 minor_faults=0 voluntary_switches=0 involuntary_switches=71 thread_cpu_ms=4.787 wall_minus_thread_cpu_ms=7.886
UTF8-COST jobs=10000 phase=owned sample=9 wall_ms=559.923 cpu_ms=74.389 gc_cpu_ms=2.085 gc_wall_ms=10.013 scheme_bytes=6890168 minor_faults=0 voluntary_switches=1 involuntary_switches=893 thread_cpu_ms=74.386 wall_minus_thread_cpu_ms=485.537
UTF8-COST jobs=10000 phase=allocation sample=10 wall_ms=0.682 cpu_ms=0.369 gc_cpu_ms=0.000 gc_wall_ms=0.000 scheme_bytes=56 minor_faults=0 voluntary_switches=0 involuntary_switches=9 thread_cpu_ms=0.365 wall_minus_thread_cpu_ms=0.317
UTF8-COST jobs=10000 phase=encoding sample=10 wall_ms=273.912 cpu_ms=65.549 gc_cpu_ms=1.842 gc_wall_ms=2.479 scheme_bytes=7024072 minor_faults=0 voluntary_switches=2 involuntary_switches=569 thread_cpu_ms=65.544 wall_minus_thread_cpu_ms=208.368
UTF8-COST jobs=10000 phase=validation sample=10 wall_ms=33.910 cpu_ms=11.689 gc_cpu_ms=0.000 gc_wall_ms=0.000 scheme_bytes=56 minor_faults=0 voluntary_switches=0 involuntary_switches=82 thread_cpu_ms=11.677 wall_minus_thread_cpu_ms=22.233
UTF8-COST jobs=10000 phase=entry sample=10 wall_ms=2.843 cpu_ms=1.908 gc_cpu_ms=0.733 gc_wall_ms=0.903 scheme_bytes=7097832 minor_faults=0 voluntary_switches=0 involuntary_switches=13 thread_cpu_ms=1.906 wall_minus_thread_cpu_ms=0.937
UTF8-COST jobs=10000 phase=dispatch sample=10 wall_ms=11.130 cpu_ms=7.982 gc_cpu_ms=1.680 gc_wall_ms=2.154 scheme_bytes=7098440 minor_faults=0 voluntary_switches=0 involuntary_switches=14 thread_cpu_ms=7.981 wall_minus_thread_cpu_ms=3.149
UTF8-COST jobs=10000 phase=owned sample=10 wall_ms=486.919 cpu_ms=77.591 gc_cpu_ms=1.864 gc_wall_ms=2.448 scheme_bytes=7137264 minor_faults=0 voluntary_switches=3 involuntary_switches=406 thread_cpu_ms=77.588 wall_minus_thread_cpu_ms=409.331
UTF8-COST jobs=10000 phase=length sample=10 wall_ms=19.088 cpu_ms=1.375 gc_cpu_ms=0.000 gc_wall_ms=0.000 scheme_bytes=560056 minor_faults=0 voluntary_switches=0 involuntary_switches=53 thread_cpu_ms=1.370 wall_minus_thread_cpu_ms=17.718
UTF8-COST jobs=10000 phase=encoding sample=11 wall_ms=854.607 cpu_ms=63.855 gc_cpu_ms=2.188 gc_wall_ms=16.555 scheme_bytes=6456712 minor_faults=0 voluntary_switches=1 involuntary_switches=313 thread_cpu_ms=63.850 wall_minus_thread_cpu_ms=790.758
UTF8-COST jobs=10000 phase=validation sample=11 wall_ms=148.789 cpu_ms=11.632 gc_cpu_ms=0.000 gc_wall_ms=0.000 scheme_bytes=56 minor_faults=0 voluntary_switches=1 involuntary_switches=101 thread_cpu_ms=11.624 wall_minus_thread_cpu_ms=137.165
UTF8-COST jobs=10000 phase=entry sample=11 wall_ms=1.879 cpu_ms=1.767 gc_cpu_ms=0.746 gc_wall_ms=0.747 scheme_bytes=6932792 minor_faults=0 voluntary_switches=0 involuntary_switches=2 thread_cpu_ms=1.765 wall_minus_thread_cpu_ms=0.114
UTF8-COST jobs=10000 phase=dispatch sample=11 wall_ms=31.054 cpu_ms=5.547 gc_cpu_ms=1.517 gc_wall_ms=7.078 scheme_bytes=7057016 minor_faults=0 voluntary_switches=0 involuntary_switches=42 thread_cpu_ms=5.545 wall_minus_thread_cpu_ms=25.509
UTF8-COST jobs=10000 phase=owned sample=11 wall_ms=207.797 cpu_ms=78.473 gc_cpu_ms=1.543 gc_wall_ms=1.562 scheme_bytes=7112928 minor_faults=0 voluntary_switches=4 involuntary_switches=521 thread_cpu_ms=78.471 wall_minus_thread_cpu_ms=129.326
UTF8-COST jobs=10000 phase=length sample=11 wall_ms=0.653 cpu_ms=0.656 gc_cpu_ms=0.000 gc_wall_ms=0.000 scheme_bytes=560056 minor_faults=0 voluntary_switches=0 involuntary_switches=0 thread_cpu_ms=0.654 wall_minus_thread_cpu_ms=-0.001
UTF8-COST jobs=10000 phase=allocation sample=11 wall_ms=0.249 cpu_ms=0.250 gc_cpu_ms=0.000 gc_wall_ms=0.000 scheme_bytes=56 minor_faults=0 voluntary_switches=0 involuntary_switches=0 thread_cpu_ms=0.250 wall_minus_thread_cpu_ms=-0.001
UTF8-COST jobs=10000 phase=validation sample=12 wall_ms=22.431 cpu_ms=10.712 gc_cpu_ms=0.000 gc_wall_ms=0.000 scheme_bytes=56 minor_faults=0 voluntary_switches=1 involuntary_switches=22 thread_cpu_ms=10.706 wall_minus_thread_cpu_ms=11.725
UTF8-COST jobs=10000 phase=entry sample=12 wall_ms=8.881 cpu_ms=2.510 gc_cpu_ms=1.354 gc_wall_ms=2.486 scheme_bytes=6414736 minor_faults=0 voluntary_switches=1 involuntary_switches=12 thread_cpu_ms=2.508 wall_minus_thread_cpu_ms=6.374
UTF8-COST jobs=10000 phase=dispatch sample=12 wall_ms=5.652 cpu_ms=4.777 gc_cpu_ms=0.884 gc_wall_ms=0.882 scheme_bytes=7246880 minor_faults=0 voluntary_switches=0 involuntary_switches=4 thread_cpu_ms=4.775 wall_minus_thread_cpu_ms=0.876
UTF8-COST jobs=10000 phase=owned sample=12 wall_ms=288.896 cpu_ms=77.775 gc_cpu_ms=2.217 gc_wall_ms=8.657 scheme_bytes=6882056 minor_faults=0 voluntary_switches=4 involuntary_switches=459 thread_cpu_ms=77.771 wall_minus_thread_cpu_ms=211.125
UTF8-COST jobs=10000 phase=length sample=12 wall_ms=0.652 cpu_ms=0.654 gc_cpu_ms=0.000 gc_wall_ms=0.000 scheme_bytes=560056 minor_faults=0 voluntary_switches=0 involuntary_switches=0 thread_cpu_ms=0.653 wall_minus_thread_cpu_ms=-0.001
UTF8-COST jobs=10000 phase=allocation sample=12 wall_ms=0.601 cpu_ms=0.261 gc_cpu_ms=0.000 gc_wall_ms=0.000 scheme_bytes=56 minor_faults=0 voluntary_switches=0 involuntary_switches=1 thread_cpu_ms=0.258 wall_minus_thread_cpu_ms=0.343
UTF8-COST jobs=10000 phase=encoding sample=12 wall_ms=218.083 cpu_ms=67.479 gc_cpu_ms=2.443 gc_wall_ms=4.426 scheme_bytes=6505472 minor_faults=0 voluntary_switches=0 involuntary_switches=212 thread_cpu_ms=67.475 wall_minus_thread_cpu_ms=150.607
UTF8-COST jobs=10000 phase=entry sample=13 wall_ms=5.651 cpu_ms=3.325 gc_cpu_ms=1.314 gc_wall_ms=3.377 scheme_bytes=7089568 minor_faults=0 voluntary_switches=0 involuntary_switches=9 thread_cpu_ms=3.322 wall_minus_thread_cpu_ms=2.328
UTF8-COST jobs=10000 phase=dispatch sample=13 wall_ms=15.070 cpu_ms=6.296 gc_cpu_ms=1.729 gc_wall_ms=4.489 scheme_bytes=7106704 minor_faults=0 voluntary_switches=0 involuntary_switches=15 thread_cpu_ms=6.294 wall_minus_thread_cpu_ms=8.777
UTF8-COST jobs=10000 phase=owned sample=13 wall_ms=90.152 cpu_ms=68.534 gc_cpu_ms=1.141 gc_wall_ms=1.519 scheme_bytes=7145392 minor_faults=0 voluntary_switches=2 involuntary_switches=126 thread_cpu_ms=68.530 wall_minus_thread_cpu_ms=21.622
UTF8-COST jobs=10000 phase=length sample=13 wall_ms=1.342 cpu_ms=1.348 gc_cpu_ms=0.000 gc_wall_ms=0.000 scheme_bytes=560056 minor_faults=0 voluntary_switches=0 involuntary_switches=0 thread_cpu_ms=1.345 wall_minus_thread_cpu_ms=-0.002
UTF8-COST jobs=10000 phase=allocation sample=13 wall_ms=2.275 cpu_ms=0.625 gc_cpu_ms=0.000 gc_wall_ms=0.000 scheme_bytes=56 minor_faults=0 voluntary_switches=0 involuntary_switches=1 thread_cpu_ms=0.621 wall_minus_thread_cpu_ms=1.654
UTF8-COST jobs=10000 phase=encoding sample=13 wall_ms=300.507 cpu_ms=64.231 gc_cpu_ms=2.358 gc_wall_ms=17.311 scheme_bytes=6448600 minor_faults=0 voluntary_switches=2 involuntary_switches=396 thread_cpu_ms=64.226 wall_minus_thread_cpu_ms=236.281
UTF8-COST jobs=10000 phase=validation sample=13 wall_ms=29.659 cpu_ms=14.351 gc_cpu_ms=0.000 gc_wall_ms=0.000 scheme_bytes=56 minor_faults=0 voluntary_switches=0 involuntary_switches=128 thread_cpu_ms=14.343 wall_minus_thread_cpu_ms=15.315
UTF8-COST jobs=10000 phase=dispatch sample=14 wall_ms=10.605 cpu_ms=5.905 gc_cpu_ms=1.623 gc_wall_ms=4.648 scheme_bytes=7032200 minor_faults=0 voluntary_switches=0 involuntary_switches=36 thread_cpu_ms=5.902 wall_minus_thread_cpu_ms=4.703
UTF8-COST jobs=10000 phase=owned sample=14 wall_ms=426.854 cpu_ms=78.255 gc_cpu_ms=1.933 gc_wall_ms=9.429 scheme_bytes=7153536 minor_faults=0 voluntary_switches=2 involuntary_switches=383 thread_cpu_ms=78.246 wall_minus_thread_cpu_ms=348.608
UTF8-COST jobs=10000 phase=length sample=14 wall_ms=2.082 cpu_ms=0.686 gc_cpu_ms=0.000 gc_wall_ms=0.000 scheme_bytes=560056 minor_faults=0 voluntary_switches=0 involuntary_switches=1 thread_cpu_ms=0.684 wall_minus_thread_cpu_ms=1.397
UTF8-COST jobs=10000 phase=allocation sample=14 wall_ms=0.742 cpu_ms=0.266 gc_cpu_ms=0.000 gc_wall_ms=0.000 scheme_bytes=56 minor_faults=0 voluntary_switches=0 involuntary_switches=3 thread_cpu_ms=0.264 wall_minus_thread_cpu_ms=0.478
UTF8-COST jobs=10000 phase=encoding sample=14 wall_ms=443.373 cpu_ms=64.800 gc_cpu_ms=1.909 gc_wall_ms=2.146 scheme_bytes=6440456 minor_faults=0 voluntary_switches=4 involuntary_switches=232 thread_cpu_ms=64.797 wall_minus_thread_cpu_ms=378.576
UTF8-COST jobs=10000 phase=validation sample=14 wall_ms=17.353 cpu_ms=11.403 gc_cpu_ms=0.000 gc_wall_ms=0.000 scheme_bytes=56 minor_faults=0 voluntary_switches=0 involuntary_switches=45 thread_cpu_ms=11.394 wall_minus_thread_cpu_ms=5.959
UTF8-COST jobs=10000 phase=entry sample=14 wall_ms=5.547 cpu_ms=2.023 gc_cpu_ms=0.859 gc_wall_ms=3.690 scheme_bytes=6907984 minor_faults=0 voluntary_switches=0 involuntary_switches=7 thread_cpu_ms=2.021 wall_minus_thread_cpu_ms=3.526
UTF8-COST jobs=10000 phase=owned sample=15 wall_ms=360.050 cpu_ms=75.421 gc_cpu_ms=1.747 gc_wall_ms=3.044 scheme_bytes=7178816 minor_faults=0 voluntary_switches=4 involuntary_switches=461 thread_cpu_ms=75.418 wall_minus_thread_cpu_ms=284.632
UTF8-COST jobs=10000 phase=length sample=15 wall_ms=0.762 cpu_ms=0.655 gc_cpu_ms=0.000 gc_wall_ms=0.000 scheme_bytes=560056 minor_faults=0 voluntary_switches=0 involuntary_switches=2 thread_cpu_ms=0.653 wall_minus_thread_cpu_ms=0.110
UTF8-COST jobs=10000 phase=allocation sample=15 wall_ms=0.652 cpu_ms=0.302 gc_cpu_ms=0.000 gc_wall_ms=0.000 scheme_bytes=56 minor_faults=0 voluntary_switches=0 involuntary_switches=8 thread_cpu_ms=0.300 wall_minus_thread_cpu_ms=0.352
UTF8-COST jobs=10000 phase=encoding sample=15 wall_ms=116.753 cpu_ms=59.918 gc_cpu_ms=1.489 gc_wall_ms=2.944 scheme_bytes=6464880 minor_faults=0 voluntary_switches=4 involuntary_switches=463 thread_cpu_ms=59.915 wall_minus_thread_cpu_ms=56.839
UTF8-COST jobs=10000 phase=validation sample=15 wall_ms=135.657 cpu_ms=10.121 gc_cpu_ms=0.000 gc_wall_ms=0.000 scheme_bytes=56 minor_faults=0 voluntary_switches=0 involuntary_switches=28 thread_cpu_ms=10.113 wall_minus_thread_cpu_ms=125.545
UTF8-COST jobs=10000 phase=entry sample=15 wall_ms=97.586 cpu_ms=1.832 gc_cpu_ms=0.814 gc_wall_ms=96.201 scheme_bytes=6941048 minor_faults=0 voluntary_switches=1 involuntary_switches=7 thread_cpu_ms=1.829 wall_minus_thread_cpu_ms=95.757
UTF8-COST jobs=10000 phase=dispatch sample=15 wall_ms=67.585 cpu_ms=4.470 gc_cpu_ms=1.122 gc_wall_ms=3.292 scheme_bytes=7048760 minor_faults=0 voluntary_switches=0 involuntary_switches=20 thread_cpu_ms=4.462 wall_minus_thread_cpu_ms=63.123
UTF8-COST jobs=10000 phase=length sample=16 wall_ms=0.654 cpu_ms=0.656 gc_cpu_ms=0.000 gc_wall_ms=0.000 scheme_bytes=560056 minor_faults=0 voluntary_switches=0 involuntary_switches=0 thread_cpu_ms=0.655 wall_minus_thread_cpu_ms=-0.001
UTF8-COST jobs=10000 phase=allocation sample=16 wall_ms=0.249 cpu_ms=0.251 gc_cpu_ms=0.000 gc_wall_ms=0.000 scheme_bytes=56 minor_faults=0 voluntary_switches=0 involuntary_switches=0 thread_cpu_ms=0.250 wall_minus_thread_cpu_ms=-0.000
UTF8-COST jobs=10000 phase=encoding sample=16 wall_ms=128.241 cpu_ms=62.738 gc_cpu_ms=1.348 gc_wall_ms=2.223 scheme_bytes=6513592 minor_faults=0 voluntary_switches=0 involuntary_switches=478 thread_cpu_ms=62.736 wall_minus_thread_cpu_ms=65.506
UTF8-COST jobs=10000 phase=validation sample=16 wall_ms=18.426 cpu_ms=10.398 gc_cpu_ms=0.000 gc_wall_ms=0.000 scheme_bytes=56 minor_faults=0 voluntary_switches=0 involuntary_switches=45 thread_cpu_ms=10.392 wall_minus_thread_cpu_ms=8.033
UTF8-COST jobs=10000 phase=entry sample=16 wall_ms=12.487 cpu_ms=3.489 gc_cpu_ms=1.366 gc_wall_ms=6.156 scheme_bytes=7097784 minor_faults=0 voluntary_switches=0 involuntary_switches=99 thread_cpu_ms=3.488 wall_minus_thread_cpu_ms=8.999
UTF8-COST jobs=10000 phase=dispatch sample=16 wall_ms=5.023 cpu_ms=4.238 gc_cpu_ms=0.878 gc_wall_ms=0.977 scheme_bytes=7106680 minor_faults=0 voluntary_switches=0 involuntary_switches=12 thread_cpu_ms=4.236 wall_minus_thread_cpu_ms=0.787
UTF8-COST jobs=10000 phase=owned sample=16 wall_ms=103.367 cpu_ms=75.684 gc_cpu_ms=1.566 gc_wall_ms=2.220 scheme_bytes=7145464 minor_faults=0 voluntary_switches=4 involuntary_switches=291 thread_cpu_ms=75.681 wall_minus_thread_cpu_ms=27.687
UTF8-COST jobs=10000 phase=allocation sample=17 wall_ms=0.249 cpu_ms=0.251 gc_cpu_ms=0.000 gc_wall_ms=0.000 scheme_bytes=56 minor_faults=0 voluntary_switches=0 involuntary_switches=0 thread_cpu_ms=0.249 wall_minus_thread_cpu_ms=-0.000
UTF8-COST jobs=10000 phase=encoding sample=17 wall_ms=138.105 cpu_ms=66.395 gc_cpu_ms=1.385 gc_wall_ms=2.008 scheme_bytes=6975152 minor_faults=0 voluntary_switches=2 involuntary_switches=466 thread_cpu_ms=66.393 wall_minus_thread_cpu_ms=71.712
UTF8-COST jobs=10000 phase=validation sample=17 wall_ms=41.463 cpu_ms=11.571 gc_cpu_ms=0.000 gc_wall_ms=0.000 scheme_bytes=56 minor_faults=0 voluntary_switches=0 involuntary_switches=69 thread_cpu_ms=11.562 wall_minus_thread_cpu_ms=29.901
UTF8-COST jobs=10000 phase=entry sample=17 wall_ms=1.864 cpu_ms=1.766 gc_cpu_ms=0.752 gc_wall_ms=0.810 scheme_bytes=6941104 minor_faults=0 voluntary_switches=0 involuntary_switches=2 thread_cpu_ms=1.760 wall_minus_thread_cpu_ms=0.104
UTF8-COST jobs=10000 phase=dispatch sample=17 wall_ms=6.151 cpu_ms=4.193 gc_cpu_ms=0.937 gc_wall_ms=2.343 scheme_bytes=7048736 minor_faults=0 voluntary_switches=0 involuntary_switches=18 thread_cpu_ms=4.191 wall_minus_thread_cpu_ms=1.959
UTF8-COST jobs=10000 phase=owned sample=17 wall_ms=219.865 cpu_ms=74.667 gc_cpu_ms=2.067 gc_wall_ms=2.636 scheme_bytes=7104832 minor_faults=0 voluntary_switches=1 involuntary_switches=365 thread_cpu_ms=74.664 wall_minus_thread_cpu_ms=145.202
UTF8-COST jobs=10000 phase=length sample=17 wall_ms=1.524 cpu_ms=0.724 gc_cpu_ms=0.000 gc_wall_ms=0.000 scheme_bytes=560056 minor_faults=0 voluntary_switches=0 involuntary_switches=5 thread_cpu_ms=0.722 wall_minus_thread_cpu_ms=0.802
UTF8-COST jobs=10000 phase=encoding sample=18 wall_ms=82.406 cpu_ms=62.678 gc_cpu_ms=1.918 gc_wall_ms=2.078 scheme_bytes=6497408 minor_faults=0 voluntary_switches=4 involuntary_switches=256 thread_cpu_ms=62.675 wall_minus_thread_cpu_ms=19.731
UTF8-COST jobs=10000 phase=validation sample=18 wall_ms=81.426 cpu_ms=12.718 gc_cpu_ms=0.000 gc_wall_ms=0.000 scheme_bytes=56 minor_faults=0 voluntary_switches=1 involuntary_switches=153 thread_cpu_ms=12.711 wall_minus_thread_cpu_ms=68.714
UTF8-COST jobs=10000 phase=entry sample=18 wall_ms=2.067 cpu_ms=1.700 gc_cpu_ms=0.676 gc_wall_ms=0.770 scheme_bytes=7072856 minor_faults=0 voluntary_switches=0 involuntary_switches=10 thread_cpu_ms=1.697 wall_minus_thread_cpu_ms=0.370
UTF8-COST jobs=10000 phase=dispatch sample=18 wall_ms=35.145 cpu_ms=3.860 gc_cpu_ms=0.970 gc_wall_ms=1.496 scheme_bytes=7123280 minor_faults=0 voluntary_switches=0 involuntary_switches=27 thread_cpu_ms=3.860 wall_minus_thread_cpu_ms=31.286
UTF8-COST jobs=10000 phase=owned sample=18 wall_ms=215.120 cpu_ms=67.894 gc_cpu_ms=1.767 gc_wall_ms=1.821 scheme_bytes=7161696 minor_faults=0 voluntary_switches=3 involuntary_switches=249 thread_cpu_ms=67.892 wall_minus_thread_cpu_ms=147.228
UTF8-COST jobs=10000 phase=length sample=18 wall_ms=2.558 cpu_ms=1.166 gc_cpu_ms=0.000 gc_wall_ms=0.000 scheme_bytes=560056 minor_faults=1 voluntary_switches=0 involuntary_switches=20 thread_cpu_ms=1.164 wall_minus_thread_cpu_ms=1.394
UTF8-COST jobs=10000 phase=allocation sample=18 wall_ms=0.269 cpu_ms=0.269 gc_cpu_ms=0.000 gc_wall_ms=0.000 scheme_bytes=56 minor_faults=0 voluntary_switches=0 involuntary_switches=1 thread_cpu_ms=0.266 wall_minus_thread_cpu_ms=0.003
UTF8-COST jobs=10000 phase=validation sample=19 wall_ms=14.491 cpu_ms=10.419 gc_cpu_ms=0.000 gc_wall_ms=0.000 scheme_bytes=56 minor_faults=0 voluntary_switches=0 involuntary_switches=32 thread_cpu_ms=10.416 wall_minus_thread_cpu_ms=4.075
UTF8-COST jobs=10000 phase=entry sample=19 wall_ms=3.018 cpu_ms=2.546 gc_cpu_ms=1.238 gc_wall_ms=1.502 scheme_bytes=6299760 minor_faults=0 voluntary_switches=0 involuntary_switches=8 thread_cpu_ms=2.544 wall_minus_thread_cpu_ms=0.474
UTF8-COST jobs=10000 phase=dispatch sample=19 wall_ms=9.658 cpu_ms=4.793 gc_cpu_ms=1.239 gc_wall_ms=5.378 scheme_bytes=7090168 minor_faults=0 voluntary_switches=0 involuntary_switches=19 thread_cpu_ms=4.791 wall_minus_thread_cpu_ms=4.867
UTF8-COST jobs=10000 phase=owned sample=19 wall_ms=150.375 cpu_ms=72.321 gc_cpu_ms=1.808 gc_wall_ms=6.999 scheme_bytes=7137296 minor_faults=0 voluntary_switches=1 involuntary_switches=420 thread_cpu_ms=72.319 wall_minus_thread_cpu_ms=78.056
UTF8-COST jobs=10000 phase=length sample=19 wall_ms=3.249 cpu_ms=0.800 gc_cpu_ms=0.000 gc_wall_ms=0.000 scheme_bytes=560056 minor_faults=0 voluntary_switches=0 involuntary_switches=21 thread_cpu_ms=0.798 wall_minus_thread_cpu_ms=2.451
UTF8-COST jobs=10000 phase=allocation sample=19 wall_ms=0.315 cpu_ms=0.262 gc_cpu_ms=0.000 gc_wall_ms=0.000 scheme_bytes=56 minor_faults=0 voluntary_switches=0 involuntary_switches=3 thread_cpu_ms=0.261 wall_minus_thread_cpu_ms=0.055
UTF8-COST jobs=10000 phase=encoding sample=19 wall_ms=103.891 cpu_ms=58.604 gc_cpu_ms=1.453 gc_wall_ms=6.117 scheme_bytes=6456624 minor_faults=0 voluntary_switches=2 involuntary_switches=179 thread_cpu_ms=58.597 wall_minus_thread_cpu_ms=45.294
UTF8-COST jobs=10000 phase=entry sample=20 wall_ms=2.214 cpu_ms=1.869 gc_cpu_ms=0.768 gc_wall_ms=0.797 scheme_bytes=6941056 minor_faults=0 voluntary_switches=0 involuntary_switches=7 thread_cpu_ms=1.867 wall_minus_thread_cpu_ms=0.347
UTF8-COST jobs=10000 phase=dispatch sample=20 wall_ms=14.312 cpu_ms=4.864 gc_cpu_ms=1.117 gc_wall_ms=1.131 scheme_bytes=7048736 minor_faults=0 voluntary_switches=0 involuntary_switches=37 thread_cpu_ms=4.862 wall_minus_thread_cpu_ms=9.450
UTF8-COST jobs=10000 phase=owned sample=20 wall_ms=194.357 cpu_ms=70.454 gc_cpu_ms=1.809 gc_wall_ms=10.943 scheme_bytes=7113040 minor_faults=0 voluntary_switches=4 involuntary_switches=450 thread_cpu_ms=70.452 wall_minus_thread_cpu_ms=123.904
UTF8-COST jobs=10000 phase=length sample=20 wall_ms=0.645 cpu_ms=0.647 gc_cpu_ms=0.000 gc_wall_ms=0.000 scheme_bytes=560056 minor_faults=0 voluntary_switches=0 involuntary_switches=0 thread_cpu_ms=0.646 wall_minus_thread_cpu_ms=-0.001
UTF8-COST jobs=10000 phase=allocation sample=20 wall_ms=0.249 cpu_ms=0.251 gc_cpu_ms=0.000 gc_wall_ms=0.000 scheme_bytes=56 minor_faults=0 voluntary_switches=0 involuntary_switches=0 thread_cpu_ms=0.249 wall_minus_thread_cpu_ms=-0.001
UTF8-COST jobs=10000 phase=encoding sample=20 wall_ms=273.422 cpu_ms=59.011 gc_cpu_ms=1.506 gc_wall_ms=3.073 scheme_bytes=6489192 minor_faults=0 voluntary_switches=3 involuntary_switches=281 thread_cpu_ms=59.008 wall_minus_thread_cpu_ms=214.413
UTF8-COST jobs=10000 phase=validation sample=20 wall_ms=26.709 cpu_ms=10.981 gc_cpu_ms=0.000 gc_wall_ms=0.000 scheme_bytes=56 minor_faults=0 voluntary_switches=2 involuntary_switches=34 thread_cpu_ms=10.976 wall_minus_thread_cpu_ms=15.733
UTF8-COST-SUMMARY jobs=10000 phase=owned samples=20 wall_ms=201.077 cpu_ms=73.940 gc_cpu_ms=1.773 gc_wall_ms=2.984 scheme_bytes=7133256 minor_faults=0 voluntary_switches=2 involuntary_switches=413 thread_cpu_ms=73.936
UTF8-COST-SUMMARY jobs=10000 phase=length samples=20 wall_ms=0.803 cpu_ms=0.685 gc_cpu_ms=0.000 gc_wall_ms=0.000 scheme_bytes=560056 minor_faults=0 voluntary_switches=0 involuntary_switches=0 thread_cpu_ms=0.681
UTF8-COST-SUMMARY jobs=10000 phase=allocation samples=20 wall_ms=0.308 cpu_ms=0.262 gc_cpu_ms=0.000 gc_wall_ms=0.000 scheme_bytes=56 minor_faults=0 voluntary_switches=0 involuntary_switches=1 thread_cpu_ms=0.260
UTF8-COST-SUMMARY jobs=10000 phase=encoding samples=20 wall_ms=148.964 cpu_ms=62.708 gc_cpu_ms=1.678 gc_wall_ms=2.890 scheme_bytes=6497380 minor_faults=0 voluntary_switches=2 involuntary_switches=380 thread_cpu_ms=62.706
UTF8-COST-SUMMARY jobs=10000 phase=validation samples=20 wall_ms=28.923 cpu_ms=11.487 gc_cpu_ms=0.000 gc_wall_ms=0.000 scheme_bytes=56 minor_faults=0 voluntary_switches=0 involuntary_switches=56 thread_cpu_ms=11.478
UTF8-COST-SUMMARY jobs=10000 phase=entry samples=20 wall_ms=3.831 cpu_ms=1.965 gc_cpu_ms=0.836 gc_wall_ms=1.905 scheme_bytes=6941112 minor_faults=0 voluntary_switches=0 involuntary_switches=10 thread_cpu_ms=1.963
UTF8-COST-SUMMARY jobs=10000 phase=dispatch samples=20 wall_ms=10.867 cpu_ms=4.754 gc_cpu_ms=1.065 gc_wall_ms=1.689 scheme_bytes=7098428 minor_faults=0 voluntary_switches=0 involuntary_switches=18 thread_cpu_ms=4.752
UTF8-COST jobs=100000 phase=owned sample=1 wall_ms=3880.773 cpu_ms=732.279 gc_cpu_ms=17.545 gc_wall_ms=135.153 scheme_bytes=70480392 minor_faults=0 voluntary_switches=25 involuntary_switches=5771 thread_cpu_ms=732.277 wall_minus_thread_cpu_ms=3148.497
UTF8-COST jobs=100000 phase=length sample=1 wall_ms=20.581 cpu_ms=11.236 gc_cpu_ms=2.367 gc_wall_ms=3.119 scheme_bytes=1080512 minor_faults=69 voluntary_switches=0 involuntary_switches=80 thread_cpu_ms=11.234 wall_minus_thread_cpu_ms=9.347
UTF8-COST jobs=100000 phase=allocation sample=1 wall_ms=9.355 cpu_ms=2.546 gc_cpu_ms=0.000 gc_wall_ms=0.000 scheme_bytes=56 minor_faults=0 voluntary_switches=1 involuntary_switches=10 thread_cpu_ms=2.542 wall_minus_thread_cpu_ms=6.814
UTF8-COST jobs=100000 phase=encoding sample=1 wall_ms=1736.966 cpu_ms=605.934 gc_cpu_ms=14.164 gc_wall_ms=28.661 scheme_bytes=69481856 minor_faults=0 voluntary_switches=19 involuntary_switches=4803 thread_cpu_ms=605.931 wall_minus_thread_cpu_ms=1131.035
UTF8-COST jobs=100000 phase=validation sample=1 wall_ms=690.595 cpu_ms=125.531 gc_cpu_ms=0.000 gc_wall_ms=0.000 scheme_bytes=56 minor_faults=0 voluntary_switches=4 involuntary_switches=985 thread_cpu_ms=125.517 wall_minus_thread_cpu_ms=565.078
UTF8-COST jobs=100000 phase=entry sample=1 wall_ms=65.699 cpu_ms=25.879 gc_cpu_ms=10.105 gc_wall_ms=25.455 scheme_bytes=70558608 minor_faults=0 voluntary_switches=0 involuntary_switches=291 thread_cpu_ms=25.875 wall_minus_thread_cpu_ms=39.824
UTF8-COST jobs=100000 phase=dispatch sample=1 wall_ms=151.350 cpu_ms=47.933 gc_cpu_ms=11.920 gc_wall_ms=67.106 scheme_bytes=70568536 minor_faults=0 voluntary_switches=0 involuntary_switches=314 thread_cpu_ms=47.931 wall_minus_thread_cpu_ms=103.419
UTF8-COST jobs=100000 phase=length sample=2 wall_ms=27.203 cpu_ms=8.774 gc_cpu_ms=1.612 gc_wall_ms=9.305 scheme_bytes=1080432 minor_faults=0 voluntary_switches=1 involuntary_switches=16 thread_cpu_ms=8.771 wall_minus_thread_cpu_ms=18.432
UTF8-COST jobs=100000 phase=allocation sample=2 wall_ms=161.852 cpu_ms=2.724 gc_cpu_ms=0.000 gc_wall_ms=0.000 scheme_bytes=56 minor_faults=0 voluntary_switches=0 involuntary_switches=36 thread_cpu_ms=2.715 wall_minus_thread_cpu_ms=159.138
UTF8-COST jobs=100000 phase=encoding sample=2 wall_ms=2663.946 cpu_ms=624.508 gc_cpu_ms=15.892 gc_wall_ms=95.567 scheme_bytes=69490128 minor_faults=0 voluntary_switches=23 involuntary_switches=5259 thread_cpu_ms=624.506 wall_minus_thread_cpu_ms=2039.440
UTF8-COST jobs=100000 phase=validation sample=2 wall_ms=247.309 cpu_ms=118.148 gc_cpu_ms=0.000 gc_wall_ms=0.000 scheme_bytes=56 minor_faults=0 voluntary_switches=8 involuntary_switches=790 thread_cpu_ms=118.139 wall_minus_thread_cpu_ms=129.170
UTF8-COST jobs=100000 phase=entry sample=2 wall_ms=43.817 cpu_ms=18.653 gc_cpu_ms=7.396 gc_wall_ms=15.780 scheme_bytes=70558608 minor_faults=0 voluntary_switches=1 involuntary_switches=197 thread_cpu_ms=18.652 wall_minus_thread_cpu_ms=25.164
UTF8-COST jobs=100000 phase=dispatch sample=2 wall_ms=199.190 cpu_ms=43.395 gc_cpu_ms=10.191 gc_wall_ms=15.288 scheme_bytes=70568536 minor_faults=0 voluntary_switches=2 involuntary_switches=293 thread_cpu_ms=43.393 wall_minus_thread_cpu_ms=155.797
UTF8-COST jobs=100000 phase=owned sample=2 wall_ms=2758.094 cpu_ms=730.414 gc_cpu_ms=16.511 gc_wall_ms=257.076 scheme_bytes=70768240 minor_faults=0 voluntary_switches=35 involuntary_switches=5226 thread_cpu_ms=730.411 wall_minus_thread_cpu_ms=2027.683
UTF8-COST jobs=100000 phase=allocation sample=3 wall_ms=3.731 cpu_ms=2.881 gc_cpu_ms=0.000 gc_wall_ms=0.000 scheme_bytes=56 minor_faults=0 voluntary_switches=0 involuntary_switches=10 thread_cpu_ms=2.875 wall_minus_thread_cpu_ms=0.856
UTF8-COST jobs=100000 phase=encoding sample=3 wall_ms=3887.077 cpu_ms=615.664 gc_cpu_ms=15.421 gc_wall_ms=106.350 scheme_bytes=70454136 minor_faults=0 voluntary_switches=24 involuntary_switches=4598 thread_cpu_ms=615.661 wall_minus_thread_cpu_ms=3271.416
UTF8-COST jobs=100000 phase=validation sample=3 wall_ms=299.131 cpu_ms=120.316 gc_cpu_ms=0.000 gc_wall_ms=0.000 scheme_bytes=56 minor_faults=0 voluntary_switches=7 involuntary_switches=1141 thread_cpu_ms=120.304 wall_minus_thread_cpu_ms=178.826
UTF8-COST jobs=100000 phase=entry sample=3 wall_ms=40.773 cpu_ms=18.712 gc_cpu_ms=7.341 gc_wall_ms=13.956 scheme_bytes=70368792 minor_faults=0 voluntary_switches=1 involuntary_switches=234 thread_cpu_ms=18.709 wall_minus_thread_cpu_ms=22.065
UTF8-COST jobs=100000 phase=dispatch sample=3 wall_ms=92.874 cpu_ms=43.223 gc_cpu_ms=9.597 gc_wall_ms=28.654 scheme_bytes=70766624 minor_faults=0 voluntary_switches=1 involuntary_switches=441 thread_cpu_ms=43.220 wall_minus_thread_cpu_ms=49.654
UTF8-COST jobs=100000 phase=owned sample=3 wall_ms=2774.620 cpu_ms=710.133 gc_cpu_ms=15.611 gc_wall_ms=26.894 scheme_bytes=70537240 minor_faults=0 voluntary_switches=10 involuntary_switches=5575 thread_cpu_ms=710.130 wall_minus_thread_cpu_ms=2064.491
UTF8-COST jobs=100000 phase=length sample=3 wall_ms=15.115 cpu_ms=11.485 gc_cpu_ms=1.580 gc_wall_ms=1.577 scheme_bytes=1080832 minor_faults=0 voluntary_switches=0 involuntary_switches=25 thread_cpu_ms=11.482 wall_minus_thread_cpu_ms=3.632
UTF8-COST jobs=100000 phase=encoding sample=4 wall_ms=2039.563 cpu_ms=616.222 gc_cpu_ms=16.213 gc_wall_ms=76.784 scheme_bytes=69292536 minor_faults=0 voluntary_switches=1 involuntary_switches=3949 thread_cpu_ms=616.218 wall_minus_thread_cpu_ms=1423.345
UTF8-COST jobs=100000 phase=validation sample=4 wall_ms=187.528 cpu_ms=113.905 gc_cpu_ms=0.000 gc_wall_ms=0.000 scheme_bytes=56 minor_faults=0 voluntary_switches=2 involuntary_switches=343 thread_cpu_ms=113.890 wall_minus_thread_cpu_ms=73.638
UTF8-COST jobs=100000 phase=entry sample=4 wall_ms=52.370 cpu_ms=20.902 gc_cpu_ms=8.405 gc_wall_ms=23.814 scheme_bytes=70558624 minor_faults=0 voluntary_switches=0 involuntary_switches=107 thread_cpu_ms=20.899 wall_minus_thread_cpu_ms=31.471
UTF8-COST jobs=100000 phase=dispatch sample=4 wall_ms=194.785 cpu_ms=50.948 gc_cpu_ms=12.260 gc_wall_ms=38.295 scheme_bytes=70568520 minor_faults=0 voluntary_switches=0 involuntary_switches=268 thread_cpu_ms=50.946 wall_minus_thread_cpu_ms=143.839
UTF8-COST jobs=100000 phase=owned sample=4 wall_ms=7327.015 cpu_ms=760.430 gc_cpu_ms=18.817 gc_wall_ms=107.769 scheme_bytes=70768184 minor_faults=0 voluntary_switches=7 involuntary_switches=4357 thread_cpu_ms=760.428 wall_minus_thread_cpu_ms=6566.587
UTF8-COST jobs=100000 phase=length sample=4 wall_ms=62.365 cpu_ms=10.601 gc_cpu_ms=2.546 gc_wall_ms=34.089 scheme_bytes=628128 minor_faults=0 voluntary_switches=0 involuntary_switches=30 thread_cpu_ms=10.597 wall_minus_thread_cpu_ms=51.768
UTF8-COST jobs=100000 phase=allocation sample=4 wall_ms=4.925 cpu_ms=2.655 gc_cpu_ms=0.000 gc_wall_ms=0.000 scheme_bytes=56 minor_faults=0 voluntary_switches=0 involuntary_switches=18 thread_cpu_ms=2.646 wall_minus_thread_cpu_ms=2.279
UTF8-COST jobs=100000 phase=validation sample=5 wall_ms=281.432 cpu_ms=132.868 gc_cpu_ms=0.000 gc_wall_ms=0.000 scheme_bytes=56 minor_faults=0 voluntary_switches=0 involuntary_switches=568 thread_cpu_ms=132.859 wall_minus_thread_cpu_ms=148.574
UTF8-COST jobs=100000 phase=entry sample=5 wall_ms=54.647 cpu_ms=24.756 gc_cpu_ms=10.054 gc_wall_ms=17.367 scheme_bytes=69694328 minor_faults=0 voluntary_switches=0 involuntary_switches=175 thread_cpu_ms=24.752 wall_minus_thread_cpu_ms=29.895
UTF8-COST jobs=100000 phase=dispatch sample=5 wall_ms=1136.830 cpu_ms=62.543 gc_cpu_ms=16.883 gc_wall_ms=118.530 scheme_bytes=70593400 minor_faults=0 voluntary_switches=1 involuntary_switches=217 thread_cpu_ms=62.539 wall_minus_thread_cpu_ms=1074.292
UTF8-COST jobs=100000 phase=owned sample=5 wall_ms=8530.966 cpu_ms=757.915 gc_cpu_ms=18.292 gc_wall_ms=142.481 scheme_bytes=70488536 minor_faults=0 voluntary_switches=8 involuntary_switches=4095 thread_cpu_ms=757.913 wall_minus_thread_cpu_ms=7773.053
UTF8-COST jobs=100000 phase=length sample=5 wall_ms=248.875 cpu_ms=11.255 gc_cpu_ms=2.184 gc_wall_ms=72.909 scheme_bytes=1080520 minor_faults=1 voluntary_switches=1 involuntary_switches=50 thread_cpu_ms=11.252 wall_minus_thread_cpu_ms=237.624
UTF8-COST jobs=100000 phase=allocation sample=5 wall_ms=9.335 cpu_ms=3.374 gc_cpu_ms=0.000 gc_wall_ms=0.000 scheme_bytes=56 minor_faults=0 voluntary_switches=1 involuntary_switches=12 thread_cpu_ms=3.366 wall_minus_thread_cpu_ms=5.970
UTF8-COST jobs=100000 phase=encoding sample=5 wall_ms=3170.931 cpu_ms=633.261 gc_cpu_ms=16.355 gc_wall_ms=89.041 scheme_bytes=69465392 minor_faults=0 voluntary_switches=12 involuntary_switches=3421 thread_cpu_ms=633.258 wall_minus_thread_cpu_ms=2537.673
UTF8-COST jobs=100000 phase=entry sample=6 wall_ms=164.256 cpu_ms=26.498 gc_cpu_ms=11.021 gc_wall_ms=69.562 scheme_bytes=70558632 minor_faults=0 voluntary_switches=0 involuntary_switches=86 thread_cpu_ms=26.495 wall_minus_thread_cpu_ms=137.761
UTF8-COST jobs=100000 phase=dispatch sample=6 wall_ms=289.499 cpu_ms=51.377 gc_cpu_ms=13.024 gc_wall_ms=67.233 scheme_bytes=70568576 minor_faults=0 voluntary_switches=1 involuntary_switches=243 thread_cpu_ms=51.373 wall_minus_thread_cpu_ms=238.126
UTF8-COST jobs=100000 phase=owned sample=6 wall_ms=3405.936 cpu_ms=729.378 gc_cpu_ms=17.664 gc_wall_ms=55.448 scheme_bytes=70768184 minor_faults=0 voluntary_switches=11 involuntary_switches=4293 thread_cpu_ms=729.375 wall_minus_thread_cpu_ms=2676.561
UTF8-COST jobs=100000 phase=length sample=6 wall_ms=8.195 cpu_ms=8.147 gc_cpu_ms=1.615 gc_wall_ms=1.614 scheme_bytes=628144 minor_faults=0 voluntary_switches=0 involuntary_switches=2 thread_cpu_ms=8.145 wall_minus_thread_cpu_ms=0.050
UTF8-COST jobs=100000 phase=allocation sample=6 wall_ms=6.814 cpu_ms=2.579 gc_cpu_ms=0.000 gc_wall_ms=0.000 scheme_bytes=56 minor_faults=0 voluntary_switches=0 involuntary_switches=19 thread_cpu_ms=2.573 wall_minus_thread_cpu_ms=4.241
UTF8-COST jobs=100000 phase=encoding sample=6 wall_ms=3926.116 cpu_ms=613.558 gc_cpu_ms=13.864 gc_wall_ms=60.225 scheme_bytes=69687672 minor_faults=0 voluntary_switches=8 involuntary_switches=4034 thread_cpu_ms=613.554 wall_minus_thread_cpu_ms=3312.562
UTF8-COST jobs=100000 phase=validation sample=6 wall_ms=1144.043 cpu_ms=123.102 gc_cpu_ms=0.000 gc_wall_ms=0.000 scheme_bytes=56 minor_faults=0 voluntary_switches=3 involuntary_switches=531 thread_cpu_ms=123.086 wall_minus_thread_cpu_ms=1020.957
UTF8-COST jobs=100000 phase=dispatch sample=7 wall_ms=83.452 cpu_ms=43.651 gc_cpu_ms=10.660 gc_wall_ms=14.848 scheme_bytes=70750032 minor_faults=0 voluntary_switches=1 involuntary_switches=223 thread_cpu_ms=43.648 wall_minus_thread_cpu_ms=39.804
UTF8-COST jobs=100000 phase=owned sample=7 wall_ms=4121.409 cpu_ms=737.006 gc_cpu_ms=19.526 gc_wall_ms=45.070 scheme_bytes=70529112 minor_faults=0 voluntary_switches=9 involuntary_switches=4138 thread_cpu_ms=737.003 wall_minus_thread_cpu_ms=3384.406
UTF8-COST jobs=100000 phase=length sample=7 wall_ms=9.856 cpu_ms=8.029 gc_cpu_ms=1.507 gc_wall_ms=2.407 scheme_bytes=1080824 minor_faults=0 voluntary_switches=0 involuntary_switches=7 thread_cpu_ms=8.028 wall_minus_thread_cpu_ms=1.828
UTF8-COST jobs=100000 phase=allocation sample=7 wall_ms=4.351 cpu_ms=3.486 gc_cpu_ms=0.000 gc_wall_ms=0.000 scheme_bytes=56 minor_faults=0 voluntary_switches=1 involuntary_switches=7 thread_cpu_ms=3.483 wall_minus_thread_cpu_ms=0.869
UTF8-COST jobs=100000 phase=encoding sample=7 wall_ms=3748.137 cpu_ms=632.778 gc_cpu_ms=16.255 gc_wall_ms=84.262 scheme_bytes=69308992 minor_faults=0 voluntary_switches=6 involuntary_switches=4670 thread_cpu_ms=632.776 wall_minus_thread_cpu_ms=3115.361
UTF8-COST jobs=100000 phase=validation sample=7 wall_ms=716.085 cpu_ms=113.938 gc_cpu_ms=0.000 gc_wall_ms=0.000 scheme_bytes=56 minor_faults=0 voluntary_switches=2 involuntary_switches=664 thread_cpu_ms=113.931 wall_minus_thread_cpu_ms=602.154
UTF8-COST jobs=100000 phase=entry sample=7 wall_ms=69.114 cpu_ms=19.094 gc_cpu_ms=7.528 gc_wall_ms=25.726 scheme_bytes=70558608 minor_faults=0 voluntary_switches=0 involuntary_switches=97 thread_cpu_ms=19.091 wall_minus_thread_cpu_ms=50.023
UTF8-COST jobs=100000 phase=owned sample=8 wall_ms=3934.103 cpu_ms=723.582 gc_cpu_ms=18.190 gc_wall_ms=61.352 scheme_bytes=70513536 minor_faults=0 voluntary_switches=11 involuntary_switches=4080 thread_cpu_ms=723.578 wall_minus_thread_cpu_ms=3210.525
UTF8-COST jobs=100000 phase=length sample=8 wall_ms=21.345 cpu_ms=9.759 gc_cpu_ms=1.459 gc_wall_ms=1.772 scheme_bytes=1080496 minor_faults=0 voluntary_switches=0 involuntary_switches=70 thread_cpu_ms=9.756 wall_minus_thread_cpu_ms=11.589
UTF8-COST jobs=100000 phase=allocation sample=8 wall_ms=3.174 cpu_ms=2.832 gc_cpu_ms=0.000 gc_wall_ms=0.000 scheme_bytes=56 minor_faults=0 voluntary_switches=0 involuntary_switches=6 thread_cpu_ms=2.830 wall_minus_thread_cpu_ms=0.344
UTF8-COST jobs=100000 phase=encoding sample=8 wall_ms=2572.658 cpu_ms=612.439 gc_cpu_ms=15.183 gc_wall_ms=36.906 scheme_bytes=69490128 minor_faults=0 voluntary_switches=9 involuntary_switches=3856 thread_cpu_ms=612.437 wall_minus_thread_cpu_ms=1960.222
UTF8-COST jobs=100000 phase=validation sample=8 wall_ms=519.224 cpu_ms=124.318 gc_cpu_ms=0.000 gc_wall_ms=0.000 scheme_bytes=56 minor_faults=0 voluntary_switches=2 involuntary_switches=844 thread_cpu_ms=124.310 wall_minus_thread_cpu_ms=394.914
UTF8-COST jobs=100000 phase=entry sample=8 wall_ms=47.129 cpu_ms=19.447 gc_cpu_ms=7.566 gc_wall_ms=16.505 scheme_bytes=70558608 minor_faults=0 voluntary_switches=0 involuntary_switches=147 thread_cpu_ms=19.445 wall_minus_thread_cpu_ms=27.684
UTF8-COST jobs=100000 phase=dispatch sample=8 wall_ms=234.657 cpu_ms=50.513 gc_cpu_ms=11.881 gc_wall_ms=38.516 scheme_bytes=70568536 minor_faults=0 voluntary_switches=0 involuntary_switches=528 thread_cpu_ms=50.509 wall_minus_thread_cpu_ms=184.148
UTF8-COST jobs=100000 phase=length sample=9 wall_ms=35.608 cpu_ms=12.029 gc_cpu_ms=2.674 gc_wall_ms=16.059 scheme_bytes=1080432 minor_faults=0 voluntary_switches=0 involuntary_switches=76 thread_cpu_ms=12.026 wall_minus_thread_cpu_ms=23.582
UTF8-COST jobs=100000 phase=allocation sample=9 wall_ms=12.635 cpu_ms=3.251 gc_cpu_ms=0.000 gc_wall_ms=0.000 scheme_bytes=56 minor_faults=0 voluntary_switches=0 involuntary_switches=88 thread_cpu_ms=3.246 wall_minus_thread_cpu_ms=9.390
UTF8-COST jobs=100000 phase=encoding sample=9 wall_ms=1230.736 cpu_ms=602.812 gc_cpu_ms=14.124 gc_wall_ms=24.977 scheme_bytes=69490128 minor_faults=0 voluntary_switches=17 involuntary_switches=2156 thread_cpu_ms=602.810 wall_minus_thread_cpu_ms=627.926
UTF8-COST jobs=100000 phase=validation sample=9 wall_ms=483.689 cpu_ms=120.799 gc_cpu_ms=0.000 gc_wall_ms=0.000 scheme_bytes=56 minor_faults=0 voluntary_switches=2 involuntary_switches=523 thread_cpu_ms=120.790 wall_minus_thread_cpu_ms=362.899
UTF8-COST jobs=100000 phase=entry sample=9 wall_ms=53.237 cpu_ms=21.368 gc_cpu_ms=8.453 gc_wall_ms=21.735 scheme_bytes=70558608 minor_faults=0 voluntary_switches=0 involuntary_switches=184 thread_cpu_ms=21.365 wall_minus_thread_cpu_ms=31.872
UTF8-COST jobs=100000 phase=dispatch sample=9 wall_ms=95.600 cpu_ms=39.353 gc_cpu_ms=9.213 gc_wall_ms=15.964 scheme_bytes=70568536 minor_faults=0 voluntary_switches=0 involuntary_switches=288 thread_cpu_ms=39.338 wall_minus_thread_cpu_ms=56.261
UTF8-COST jobs=100000 phase=owned sample=9 wall_ms=2403.901 cpu_ms=721.176 gc_cpu_ms=17.208 gc_wall_ms=81.444 scheme_bytes=70768240 minor_faults=0 voluntary_switches=11 involuntary_switches=3571 thread_cpu_ms=721.172 wall_minus_thread_cpu_ms=1682.729
UTF8-COST jobs=100000 phase=allocation sample=10 wall_ms=6.819 cpu_ms=2.572 gc_cpu_ms=0.000 gc_wall_ms=0.000 scheme_bytes=56 minor_faults=0 voluntary_switches=1 involuntary_switches=7 thread_cpu_ms=2.562 wall_minus_thread_cpu_ms=4.258
UTF8-COST jobs=100000 phase=encoding sample=10 wall_ms=1774.586 cpu_ms=634.062 gc_cpu_ms=15.892 gc_wall_ms=33.466 scheme_bytes=70454136 minor_faults=0 voluntary_switches=8 involuntary_switches=3131 thread_cpu_ms=634.059 wall_minus_thread_cpu_ms=1140.527
UTF8-COST jobs=100000 phase=validation sample=10 wall_ms=681.231 cpu_ms=120.191 gc_cpu_ms=0.000 gc_wall_ms=0.000 scheme_bytes=56 minor_faults=0 voluntary_switches=2 involuntary_switches=902 thread_cpu_ms=120.184 wall_minus_thread_cpu_ms=561.048
UTF8-COST jobs=100000 phase=entry sample=10 wall_ms=42.988 cpu_ms=19.237 gc_cpu_ms=7.462 gc_wall_ms=16.941 scheme_bytes=70368792 minor_faults=0 voluntary_switches=0 involuntary_switches=157 thread_cpu_ms=19.234 wall_minus_thread_cpu_ms=23.753
UTF8-COST jobs=100000 phase=dispatch sample=10 wall_ms=118.023 cpu_ms=39.407 gc_cpu_ms=8.853 gc_wall_ms=43.630 scheme_bytes=70766624 minor_faults=0 voluntary_switches=1 involuntary_switches=81 thread_cpu_ms=39.403 wall_minus_thread_cpu_ms=78.619
UTF8-COST jobs=100000 phase=owned sample=10 wall_ms=3404.698 cpu_ms=705.939 gc_cpu_ms=16.626 gc_wall_ms=271.905 scheme_bytes=70537240 minor_faults=0 voluntary_switches=8 involuntary_switches=3399 thread_cpu_ms=705.936 wall_minus_thread_cpu_ms=2698.762
UTF8-COST jobs=100000 phase=length sample=10 wall_ms=17.575 cpu_ms=9.572 gc_cpu_ms=2.145 gc_wall_ms=5.930 scheme_bytes=1080832 minor_faults=0 voluntary_switches=0 involuntary_switches=66 thread_cpu_ms=9.569 wall_minus_thread_cpu_ms=8.006
UTF8-COST jobs=100000 phase=encoding sample=11 wall_ms=3197.980 cpu_ms=622.560 gc_cpu_ms=16.394 gc_wall_ms=179.194 scheme_bytes=69292536 minor_faults=0 voluntary_switches=8 involuntary_switches=2819 thread_cpu_ms=622.557 wall_minus_thread_cpu_ms=2575.422
UTF8-COST jobs=100000 phase=validation sample=11 wall_ms=616.200 cpu_ms=120.394 gc_cpu_ms=0.000 gc_wall_ms=0.000 scheme_bytes=56 minor_faults=0 voluntary_switches=3 involuntary_switches=509 thread_cpu_ms=120.385 wall_minus_thread_cpu_ms=495.815
UTF8-COST jobs=100000 phase=entry sample=11 wall_ms=42.127 cpu_ms=24.884 gc_cpu_ms=9.986 gc_wall_ms=19.696 scheme_bytes=70558624 minor_faults=0 voluntary_switches=0 involuntary_switches=188 thread_cpu_ms=24.881 wall_minus_thread_cpu_ms=17.246
UTF8-COST jobs=100000 phase=dispatch sample=11 wall_ms=75.419 cpu_ms=46.149 gc_cpu_ms=10.905 gc_wall_ms=17.146 scheme_bytes=70568520 minor_faults=0 voluntary_switches=1 involuntary_switches=220 thread_cpu_ms=46.147 wall_minus_thread_cpu_ms=29.272
UTF8-COST jobs=100000 phase=owned sample=11 wall_ms=3033.913 cpu_ms=759.345 gc_cpu_ms=16.779 gc_wall_ms=27.211 scheme_bytes=70768184 minor_faults=0 voluntary_switches=26 involuntary_switches=4515 thread_cpu_ms=759.342 wall_minus_thread_cpu_ms=2274.570
UTF8-COST jobs=100000 phase=length sample=11 wall_ms=129.984 cpu_ms=10.538 gc_cpu_ms=1.957 gc_wall_ms=13.921 scheme_bytes=628128 minor_faults=0 voluntary_switches=0 involuntary_switches=90 thread_cpu_ms=10.534 wall_minus_thread_cpu_ms=119.449
UTF8-COST jobs=100000 phase=allocation sample=11 wall_ms=88.938 cpu_ms=3.317 gc_cpu_ms=0.000 gc_wall_ms=0.000 scheme_bytes=56 minor_faults=0 voluntary_switches=0 involuntary_switches=40 thread_cpu_ms=3.309 wall_minus_thread_cpu_ms=85.630
UTF8-COST jobs=100000 phase=validation sample=12 wall_ms=825.574 cpu_ms=120.186 gc_cpu_ms=0.000 gc_wall_ms=0.000 scheme_bytes=56 minor_faults=0 voluntary_switches=2 involuntary_switches=946 thread_cpu_ms=120.177 wall_minus_thread_cpu_ms=705.397
UTF8-COST jobs=100000 phase=entry sample=12 wall_ms=63.574 cpu_ms=20.842 gc_cpu_ms=8.828 gc_wall_ms=27.908 scheme_bytes=69694328 minor_faults=0 voluntary_switches=0 involuntary_switches=131 thread_cpu_ms=20.839 wall_minus_thread_cpu_ms=42.735
UTF8-COST jobs=100000 phase=dispatch sample=12 wall_ms=344.488 cpu_ms=49.292 gc_cpu_ms=12.362 gc_wall_ms=89.741 scheme_bytes=70593400 minor_faults=0 voluntary_switches=0 involuntary_switches=506 thread_cpu_ms=49.290 wall_minus_thread_cpu_ms=295.198
UTF8-COST jobs=100000 phase=owned sample=12 wall_ms=3024.265 cpu_ms=753.865 gc_cpu_ms=17.973 gc_wall_ms=30.087 scheme_bytes=70488536 minor_faults=0 voluntary_switches=17 involuntary_switches=4337 thread_cpu_ms=753.862 wall_minus_thread_cpu_ms=2270.403
UTF8-COST jobs=100000 phase=length sample=12 wall_ms=21.155 cpu_ms=9.721 gc_cpu_ms=1.839 gc_wall_ms=2.408 scheme_bytes=1080520 minor_faults=0 voluntary_switches=1 involuntary_switches=70 thread_cpu_ms=9.719 wall_minus_thread_cpu_ms=11.436
UTF8-COST jobs=100000 phase=allocation sample=12 wall_ms=4.963 cpu_ms=3.302 gc_cpu_ms=0.000 gc_wall_ms=0.000 scheme_bytes=56 minor_faults=0 voluntary_switches=0 involuntary_switches=24 thread_cpu_ms=3.290 wall_minus_thread_cpu_ms=1.673
UTF8-COST jobs=100000 phase=encoding sample=12 wall_ms=2454.749 cpu_ms=626.757 gc_cpu_ms=15.630 gc_wall_ms=50.385 scheme_bytes=69465392 minor_faults=0 voluntary_switches=8 involuntary_switches=4920 thread_cpu_ms=626.754 wall_minus_thread_cpu_ms=1827.995
UTF8-COST jobs=100000 phase=entry sample=13 wall_ms=70.611 cpu_ms=17.788 gc_cpu_ms=7.082 gc_wall_ms=21.978 scheme_bytes=70558632 minor_faults=0 voluntary_switches=1 involuntary_switches=256 thread_cpu_ms=17.785 wall_minus_thread_cpu_ms=52.826
UTF8-COST jobs=100000 phase=dispatch sample=13 wall_ms=255.936 cpu_ms=44.991 gc_cpu_ms=10.466 gc_wall_ms=117.378 scheme_bytes=70568576 minor_faults=0 voluntary_switches=1 involuntary_switches=427 thread_cpu_ms=44.988 wall_minus_thread_cpu_ms=210.949
UTF8-COST jobs=100000 phase=owned sample=13 wall_ms=2996.280 cpu_ms=712.547 gc_cpu_ms=16.083 gc_wall_ms=111.553 scheme_bytes=70768184 minor_faults=0 voluntary_switches=13 involuntary_switches=4002 thread_cpu_ms=712.542 wall_minus_thread_cpu_ms=2283.738
UTF8-COST jobs=100000 phase=length sample=13 wall_ms=21.288 cpu_ms=8.303 gc_cpu_ms=1.637 gc_wall_ms=1.634 scheme_bytes=628144 minor_faults=0 voluntary_switches=0 involuntary_switches=21 thread_cpu_ms=8.300 wall_minus_thread_cpu_ms=12.988
UTF8-COST jobs=100000 phase=allocation sample=13 wall_ms=23.320 cpu_ms=3.130 gc_cpu_ms=0.000 gc_wall_ms=0.000 scheme_bytes=56 minor_faults=0 voluntary_switches=0 involuntary_switches=32 thread_cpu_ms=3.123 wall_minus_thread_cpu_ms=20.197
UTF8-COST jobs=100000 phase=encoding sample=13 wall_ms=3091.960 cpu_ms=609.297 gc_cpu_ms=15.890 gc_wall_ms=70.352 scheme_bytes=69687672 minor_faults=0 voluntary_switches=8 involuntary_switches=3684 thread_cpu_ms=609.294 wall_minus_thread_cpu_ms=2482.666
UTF8-COST jobs=100000 phase=validation sample=13 wall_ms=413.640 cpu_ms=113.434 gc_cpu_ms=0.000 gc_wall_ms=0.000 scheme_bytes=56 minor_faults=0 voluntary_switches=8 involuntary_switches=250 thread_cpu_ms=113.422 wall_minus_thread_cpu_ms=300.218
UTF8-COST jobs=100000 phase=dispatch sample=14 wall_ms=114.499 cpu_ms=46.426 gc_cpu_ms=11.477 gc_wall_ms=16.273 scheme_bytes=70750032 minor_faults=0 voluntary_switches=1 involuntary_switches=179 thread_cpu_ms=46.422 wall_minus_thread_cpu_ms=68.077
UTF8-COST jobs=100000 phase=owned sample=14 wall_ms=1472.849 cpu_ms=682.096 gc_cpu_ms=15.931 gc_wall_ms=28.851 scheme_bytes=70529112 minor_faults=0 voluntary_switches=17 involuntary_switches=1598 thread_cpu_ms=682.093 wall_minus_thread_cpu_ms=790.756
UTF8-COST jobs=100000 phase=length sample=14 wall_ms=9.402 cpu_ms=8.665 gc_cpu_ms=1.324 gc_wall_ms=1.324 scheme_bytes=1080824 minor_faults=0 voluntary_switches=0 involuntary_switches=3 thread_cpu_ms=8.663 wall_minus_thread_cpu_ms=0.739
UTF8-COST jobs=100000 phase=allocation sample=14 wall_ms=12.391 cpu_ms=4.586 gc_cpu_ms=0.000 gc_wall_ms=0.000 scheme_bytes=56 minor_faults=0 voluntary_switches=0 involuntary_switches=8 thread_cpu_ms=4.577 wall_minus_thread_cpu_ms=7.814
UTF8-COST jobs=100000 phase=encoding sample=14 wall_ms=5502.954 cpu_ms=624.541 gc_cpu_ms=15.521 gc_wall_ms=82.915 scheme_bytes=69308992 minor_faults=0 voluntary_switches=4 involuntary_switches=3033 thread_cpu_ms=624.538 wall_minus_thread_cpu_ms=4878.417
UTF8-COST jobs=100000 phase=validation sample=14 wall_ms=1880.387 cpu_ms=126.198 gc_cpu_ms=0.000 gc_wall_ms=0.000 scheme_bytes=56 minor_faults=0 voluntary_switches=2 involuntary_switches=458 thread_cpu_ms=126.189 wall_minus_thread_cpu_ms=1754.199
UTF8-COST jobs=100000 phase=entry sample=14 wall_ms=91.623 cpu_ms=18.417 gc_cpu_ms=6.909 gc_wall_ms=8.675 scheme_bytes=70558608 minor_faults=0 voluntary_switches=1 involuntary_switches=56 thread_cpu_ms=18.412 wall_minus_thread_cpu_ms=73.210
UTF8-COST jobs=100000 phase=owned sample=15 wall_ms=8181.659 cpu_ms=722.294 gc_cpu_ms=17.056 gc_wall_ms=302.835 scheme_bytes=70513536 minor_faults=0 voluntary_switches=9 involuntary_switches=3050 thread_cpu_ms=722.291 wall_minus_thread_cpu_ms=7459.368
UTF8-COST jobs=100000 phase=length sample=15 wall_ms=55.234 cpu_ms=10.549 gc_cpu_ms=1.971 gc_wall_ms=17.748 scheme_bytes=1080496 minor_faults=0 voluntary_switches=0 involuntary_switches=62 thread_cpu_ms=10.546 wall_minus_thread_cpu_ms=44.688
UTF8-COST jobs=100000 phase=allocation sample=15 wall_ms=17.058 cpu_ms=3.534 gc_cpu_ms=0.000 gc_wall_ms=0.000 scheme_bytes=56 minor_faults=0 voluntary_switches=0 involuntary_switches=13 thread_cpu_ms=3.525 wall_minus_thread_cpu_ms=13.533
UTF8-COST jobs=100000 phase=encoding sample=15 wall_ms=4602.824 cpu_ms=615.499 gc_cpu_ms=15.388 gc_wall_ms=79.613 scheme_bytes=69490128 minor_faults=0 voluntary_switches=4 involuntary_switches=2887 thread_cpu_ms=615.497 wall_minus_thread_cpu_ms=3987.327
UTF8-COST jobs=100000 phase=validation sample=15 wall_ms=986.339 cpu_ms=126.332 gc_cpu_ms=0.000 gc_wall_ms=0.000 scheme_bytes=56 minor_faults=0 voluntary_switches=1 involuntary_switches=746 thread_cpu_ms=126.305 wall_minus_thread_cpu_ms=860.034
UTF8-COST jobs=100000 phase=entry sample=15 wall_ms=375.213 cpu_ms=21.733 gc_cpu_ms=9.221 gc_wall_ms=232.377 scheme_bytes=70558608 minor_faults=0 voluntary_switches=0 involuntary_switches=119 thread_cpu_ms=21.728 wall_minus_thread_cpu_ms=353.486
UTF8-COST jobs=100000 phase=dispatch sample=15 wall_ms=324.471 cpu_ms=40.392 gc_cpu_ms=9.009 gc_wall_ms=106.584 scheme_bytes=70568536 minor_faults=0 voluntary_switches=0 involuntary_switches=77 thread_cpu_ms=40.391 wall_minus_thread_cpu_ms=284.080
UTF8-COST jobs=100000 phase=length sample=16 wall_ms=183.881 cpu_ms=8.137 gc_cpu_ms=1.379 gc_wall_ms=1.377 scheme_bytes=1080432 minor_faults=0 voluntary_switches=1 involuntary_switches=15 thread_cpu_ms=8.133 wall_minus_thread_cpu_ms=175.749
UTF8-COST jobs=100000 phase=allocation sample=16 wall_ms=2.489 cpu_ms=2.492 gc_cpu_ms=0.000 gc_wall_ms=0.000 scheme_bytes=56 minor_faults=0 voluntary_switches=0 involuntary_switches=0 thread_cpu_ms=2.490 wall_minus_thread_cpu_ms=-0.001
UTF8-COST jobs=100000 phase=encoding sample=16 wall_ms=6472.063 cpu_ms=624.927 gc_cpu_ms=17.610 gc_wall_ms=527.400 scheme_bytes=69490128 minor_faults=0 voluntary_switches=4 involuntary_switches=3011 thread_cpu_ms=624.923 wall_minus_thread_cpu_ms=5847.140
UTF8-COST jobs=100000 phase=validation sample=16 wall_ms=426.126 cpu_ms=114.877 gc_cpu_ms=0.000 gc_wall_ms=0.000 scheme_bytes=56 minor_faults=0 voluntary_switches=1 involuntary_switches=442 thread_cpu_ms=114.868 wall_minus_thread_cpu_ms=311.257
UTF8-COST jobs=100000 phase=entry sample=16 wall_ms=156.482 cpu_ms=19.557 gc_cpu_ms=8.328 gc_wall_ms=34.433 scheme_bytes=70558608 minor_faults=0 voluntary_switches=0 involuntary_switches=108 thread_cpu_ms=19.554 wall_minus_thread_cpu_ms=136.928
UTF8-COST jobs=100000 phase=dispatch sample=16 wall_ms=559.849 cpu_ms=52.173 gc_cpu_ms=13.222 gc_wall_ms=69.738 scheme_bytes=70568536 minor_faults=0 voluntary_switches=0 involuntary_switches=276 thread_cpu_ms=52.170 wall_minus_thread_cpu_ms=507.679
UTF8-COST jobs=100000 phase=owned sample=16 wall_ms=7612.646 cpu_ms=738.895 gc_cpu_ms=17.599 gc_wall_ms=255.739 scheme_bytes=70768240 minor_faults=0 voluntary_switches=9 involuntary_switches=3061 thread_cpu_ms=738.891 wall_minus_thread_cpu_ms=6873.754
UTF8-COST jobs=100000 phase=allocation sample=17 wall_ms=79.615 cpu_ms=2.689 gc_cpu_ms=0.000 gc_wall_ms=0.000 scheme_bytes=56 minor_faults=0 voluntary_switches=0 involuntary_switches=6 thread_cpu_ms=2.680 wall_minus_thread_cpu_ms=76.935
UTF8-COST jobs=100000 phase=encoding sample=17 wall_ms=3979.694 cpu_ms=614.171 gc_cpu_ms=16.691 gc_wall_ms=242.491 scheme_bytes=70454136 minor_faults=0 voluntary_switches=9 involuntary_switches=2090 thread_cpu_ms=614.167 wall_minus_thread_cpu_ms=3365.527
UTF8-COST jobs=100000 phase=validation sample=17 wall_ms=904.714 cpu_ms=110.779 gc_cpu_ms=0.000 gc_wall_ms=0.000 scheme_bytes=56 minor_faults=0 voluntary_switches=4 involuntary_switches=307 thread_cpu_ms=110.770 wall_minus_thread_cpu_ms=793.944
UTF8-COST jobs=100000 phase=entry sample=17 wall_ms=121.912 cpu_ms=20.130 gc_cpu_ms=8.369 gc_wall_ms=12.925 scheme_bytes=70368792 minor_faults=0 voluntary_switches=0 involuntary_switches=121 thread_cpu_ms=20.121 wall_minus_thread_cpu_ms=101.791
UTF8-COST jobs=100000 phase=dispatch sample=17 wall_ms=554.695 cpu_ms=46.404 gc_cpu_ms=11.686 gc_wall_ms=138.928 scheme_bytes=70766624 minor_faults=0 voluntary_switches=1 involuntary_switches=200 thread_cpu_ms=46.403 wall_minus_thread_cpu_ms=508.293
UTF8-COST jobs=100000 phase=owned sample=17 wall_ms=5422.330 cpu_ms=732.364 gc_cpu_ms=18.909 gc_wall_ms=318.190 scheme_bytes=70537240 minor_faults=0 voluntary_switches=13 involuntary_switches=4051 thread_cpu_ms=732.361 wall_minus_thread_cpu_ms=4689.970
UTF8-COST jobs=100000 phase=length sample=17 wall_ms=9.528 cpu_ms=8.004 gc_cpu_ms=1.488 gc_wall_ms=1.487 scheme_bytes=1080832 minor_faults=0 voluntary_switches=0 involuntary_switches=5 thread_cpu_ms=8.001 wall_minus_thread_cpu_ms=1.527
UTF8-COST jobs=100000 phase=encoding sample=18 wall_ms=3262.150 cpu_ms=625.465 gc_cpu_ms=16.255 gc_wall_ms=112.258 scheme_bytes=69292536 minor_faults=0 voluntary_switches=20 involuntary_switches=3980 thread_cpu_ms=625.463 wall_minus_thread_cpu_ms=2636.687
UTF8-COST jobs=100000 phase=validation sample=18 wall_ms=639.960 cpu_ms=125.485 gc_cpu_ms=0.000 gc_wall_ms=0.000 scheme_bytes=56 minor_faults=0 voluntary_switches=7 involuntary_switches=1452 thread_cpu_ms=125.477 wall_minus_thread_cpu_ms=514.483
UTF8-COST jobs=100000 phase=entry sample=18 wall_ms=66.153 cpu_ms=22.445 gc_cpu_ms=8.989 gc_wall_ms=22.285 scheme_bytes=70558624 minor_faults=0 voluntary_switches=1 involuntary_switches=186 thread_cpu_ms=22.442 wall_minus_thread_cpu_ms=43.711
UTF8-COST jobs=100000 phase=dispatch sample=18 wall_ms=124.041 cpu_ms=48.182 gc_cpu_ms=11.877 gc_wall_ms=38.263 scheme_bytes=70568520 minor_faults=0 voluntary_switches=1 involuntary_switches=393 thread_cpu_ms=48.180 wall_minus_thread_cpu_ms=75.862
UTF8-COST jobs=100000 phase=owned sample=18 wall_ms=2457.615 cpu_ms=738.028 gc_cpu_ms=16.908 gc_wall_ms=35.177 scheme_bytes=70768184 minor_faults=0 voluntary_switches=52 involuntary_switches=4769 thread_cpu_ms=738.024 wall_minus_thread_cpu_ms=1719.591
UTF8-COST jobs=100000 phase=length sample=18 wall_ms=34.258 cpu_ms=9.357 gc_cpu_ms=1.791 gc_wall_ms=3.011 scheme_bytes=628128 minor_faults=0 voluntary_switches=0 involuntary_switches=280 thread_cpu_ms=9.354 wall_minus_thread_cpu_ms=24.904
UTF8-COST jobs=100000 phase=allocation sample=18 wall_ms=6.833 cpu_ms=2.760 gc_cpu_ms=0.000 gc_wall_ms=0.000 scheme_bytes=56 minor_faults=0 voluntary_switches=0 involuntary_switches=53 thread_cpu_ms=2.758 wall_minus_thread_cpu_ms=4.076
UTF8-COST jobs=100000 phase=validation sample=19 wall_ms=289.434 cpu_ms=116.569 gc_cpu_ms=0.000 gc_wall_ms=0.000 scheme_bytes=56 minor_faults=0 voluntary_switches=4 involuntary_switches=915 thread_cpu_ms=116.562 wall_minus_thread_cpu_ms=172.873
UTF8-COST jobs=100000 phase=entry sample=19 wall_ms=31.816 cpu_ms=18.555 gc_cpu_ms=7.444 gc_wall_ms=12.851 scheme_bytes=69694328 minor_faults=0 voluntary_switches=0 involuntary_switches=162 thread_cpu_ms=18.551 wall_minus_thread_cpu_ms=13.265
UTF8-COST jobs=100000 phase=dispatch sample=19 wall_ms=80.002 cpu_ms=44.430 gc_cpu_ms=10.085 gc_wall_ms=13.791 scheme_bytes=70593400 minor_faults=0 voluntary_switches=2 involuntary_switches=339 thread_cpu_ms=44.428 wall_minus_thread_cpu_ms=35.574
UTF8-COST jobs=100000 phase=owned sample=19 wall_ms=3017.508 cpu_ms=738.102 gc_cpu_ms=17.591 gc_wall_ms=44.363 scheme_bytes=70488536 minor_faults=0 voluntary_switches=37 involuntary_switches=5339 thread_cpu_ms=738.099 wall_minus_thread_cpu_ms=2279.408
UTF8-COST jobs=100000 phase=length sample=19 wall_ms=26.023 cpu_ms=9.318 gc_cpu_ms=1.782 gc_wall_ms=6.081 scheme_bytes=1080520 minor_faults=0 voluntary_switches=0 involuntary_switches=115 thread_cpu_ms=9.316 wall_minus_thread_cpu_ms=16.708
UTF8-COST jobs=100000 phase=allocation sample=19 wall_ms=4.863 cpu_ms=3.960 gc_cpu_ms=0.000 gc_wall_ms=0.000 scheme_bytes=56 minor_faults=0 voluntary_switches=0 involuntary_switches=2 thread_cpu_ms=3.957 wall_minus_thread_cpu_ms=0.907
UTF8-COST jobs=100000 phase=encoding sample=19 wall_ms=1215.478 cpu_ms=600.360 gc_cpu_ms=14.772 gc_wall_ms=26.486 scheme_bytes=69465392 minor_faults=0 voluntary_switches=29 involuntary_switches=2699 thread_cpu_ms=600.356 wall_minus_thread_cpu_ms=615.121
UTF8-COST jobs=100000 phase=entry sample=20 wall_ms=24.701 cpu_ms=18.451 gc_cpu_ms=7.258 gc_wall_ms=10.317 scheme_bytes=70558632 minor_faults=0 voluntary_switches=0 involuntary_switches=74 thread_cpu_ms=18.449 wall_minus_thread_cpu_ms=6.252
UTF8-COST jobs=100000 phase=dispatch sample=20 wall_ms=136.587 cpu_ms=44.515 gc_cpu_ms=10.692 gc_wall_ms=18.926 scheme_bytes=70568576 minor_faults=0 voluntary_switches=2 involuntary_switches=303 thread_cpu_ms=44.513 wall_minus_thread_cpu_ms=92.074
UTF8-COST jobs=100000 phase=owned sample=20 wall_ms=3119.851 cpu_ms=714.516 gc_cpu_ms=15.980 gc_wall_ms=103.967 scheme_bytes=70768184 minor_faults=0 voluntary_switches=51 involuntary_switches=6118 thread_cpu_ms=714.513 wall_minus_thread_cpu_ms=2405.338
UTF8-COST jobs=100000 phase=length sample=20 wall_ms=26.372 cpu_ms=10.280 gc_cpu_ms=1.953 gc_wall_ms=10.359 scheme_bytes=628144 minor_faults=0 voluntary_switches=0 involuntary_switches=49 thread_cpu_ms=10.278 wall_minus_thread_cpu_ms=16.095
UTF8-COST jobs=100000 phase=allocation sample=20 wall_ms=8.531 cpu_ms=3.914 gc_cpu_ms=0.000 gc_wall_ms=0.000 scheme_bytes=56 minor_faults=0 voluntary_switches=0 involuntary_switches=21 thread_cpu_ms=3.913 wall_minus_thread_cpu_ms=4.618
UTF8-COST jobs=100000 phase=encoding sample=20 wall_ms=1788.695 cpu_ms=592.384 gc_cpu_ms=14.085 gc_wall_ms=18.354 scheme_bytes=69687672 minor_faults=0 voluntary_switches=37 involuntary_switches=2926 thread_cpu_ms=592.381 wall_minus_thread_cpu_ms=1196.314
UTF8-COST jobs=100000 phase=validation sample=20 wall_ms=549.292 cpu_ms=120.271 gc_cpu_ms=0.000 gc_wall_ms=0.000 scheme_bytes=56 minor_faults=0 voluntary_switches=5 involuntary_switches=970 thread_cpu_ms=120.262 wall_minus_thread_cpu_ms=429.029
UTF8-COST-SUMMARY jobs=100000 phase=owned samples=20 wall_ms=3262.274 cpu_ms=731.347 gc_cpu_ms=17.376 gc_wall_ms=92.705 scheme_bytes=70537240 minor_faults=0 voluntary_switches=12 involuntary_switches=4216 thread_cpu_ms=731.344
UTF8-COST-SUMMARY jobs=100000 phase=length samples=20 wall_ms=23.684 cpu_ms=9.647 gc_cpu_ms=1.786 gc_wall_ms=3.065 scheme_bytes=1080496 minor_faults=0 voluntary_switches=0 involuntary_switches=50 thread_cpu_ms=9.644
UTF8-COST-SUMMARY jobs=100000 phase=allocation samples=20 wall_ms=7.682 cpu_ms=3.005 gc_cpu_ms=0.000 gc_wall_ms=0.000 scheme_bytes=56 minor_faults=0 voluntary_switches=0 involuntary_switches=12 thread_cpu_ms=2.999
UTF8-COST-SUMMARY jobs=100000 phase=encoding samples=20 wall_ms=3131.445 cpu_ms=615.943 gc_cpu_ms=15.760 gc_wall_ms=78.199 scheme_bytes=69490128 minor_faults=0 voluntary_switches=8 involuntary_switches=3552 thread_cpu_ms=615.939
UTF8-COST-SUMMARY jobs=100000 phase=validation samples=20 wall_ms=582.746 cpu_ms=120.293 gc_cpu_ms=0.000 gc_wall_ms=0.000 scheme_bytes=56 minor_faults=0 voluntary_switches=2 involuntary_switches=705 thread_cpu_ms=120.283
UTF8-COST-SUMMARY jobs=100000 phase=entry samples=20 wall_ms=59.110 cpu_ms=19.843 gc_cpu_ms=8.348 gc_wall_ms=20.716 scheme_bytes=70558608 minor_faults=0 voluntary_switches=0 involuntary_switches=152 thread_cpu_ms=19.838
UTF8-COST-SUMMARY jobs=100000 phase=dispatch samples=20 wall_ms=173.067 cpu_ms=46.277 gc_cpu_ms=11.191 gc_wall_ms=38.406 scheme_bytes=70568576 minor_faults=0 voluntary_switches=1 involuntary_switches=282 thread_cpu_ms=46.275
